slug,genre,title,meta_description,lead,priority,tags,author_name,author_profile,reviewer_name,reviewer_profile,fact_checked_at,primary_sources,original_note,user_intent,action_items,update_policy,last_reviewed_at,next_review_at,source_checked_at,content_status,revision_note,section_1_heading,section_1_body,section_2_heading,section_2_body,section_3_heading,section_3_body,section_4_heading,section_4_body,section_5_heading,section_5_body,section_6_heading,section_6_body,section_7_heading,section_7_body,faq_1_question,faq_1_answer,faq_2_question,faq_2_answer,related_links
exam-overview,試験概要,2級ボイラー技士試験とは？概要・出題科目・合格に向けた全体像,2級ボイラー技士試験の概要、出題科目、学習の進め方を初学者向けに整理します。,試験概要を学習する受験生向けに、2級ボイラー技士試験の概要、出題科目、学習の進め方を初学者向けに整理します。制度面は公式情報で確認しながら、過去問演習と用語解説で定着を図してください。,10,試験概要,2級ボイラー技士マスター編集部,資格学習サイト向けに、過去問形式演習・用語解説・学習導線を整理する編集チームです。,2級ボイラー技士マスター確認担当,公開前に公式情報への誘導、断定表現、内部リンク、更新日の有無を確認します。,2026-05-19,安全衛生技術試験協会（公式）|https://www.exam.or.jp/,試験概要の学習導線と、過去問・用語集への内部リンクを整理した記事です。,2級ボイラー技士試験の概要、出題科目、学習の進め方を初学者向けに整理します。,公式情報を確認する;試験の位置づけ;過去問形式の演習を解く;間違えた問題を復習へ残す;関連用語を読む,試験要項や公式ページが更新されたタイミングで本文と参照元を見直します。,2026-05-19,2026-08-19,2026-05-19,published,SEO記事テンプレート運用ルールに合わせ、目次・信頼性・FAQ・関連記事を整備。,最初に確認すること,まず確認したいのは、この記事のテーマである「試験の位置づけ」です。制度情報や日程、合格基準のように年度で変わる可能性がある内容は、古い記事だけで判断しないでください。学習前に公式情報を見て、現在の出題範囲や注意事項を確認しておくと、あとから覚え直すリスクを減らせます。特に試験対策では、最初に前提を誤ると、過去問を解いても正しい復習につながりません。受験案内、試験実施団体の告知、法令の正式な内容を確認したうえで、このサイトの演習や用語解説を使う流れにすると安心です。,全体像・前提を分けて理解する,2級ボイラー技士試験は、構造、取扱い、燃料及び燃焼、関係法令の知識がつながって出題されます。試験概要の記事でも、単独の暗記で終わらせず、関連する装置名、事故防止の目的、法令上の扱いを分けて整理しましょう。特に似た用語は、意味の違いを一文で説明できる状態を目標にします。たとえば装置名を覚えるだけではなく、その装置がどの異常を防ぐのか、運転中にどのように確認するのか、法令問題ではどの表現で問われるのかまで結び付けると、選択肢の言い換えにも対応しやすくなります。,具体的な進め方,次に「4科目の全体像」を過去問形式の演習で確認します。最初から満点を狙うより、読めなかった語句、迷った選択肢、時間がかかった分野を記録してください。間違えた問題の正答だけを見るのではなく、なぜ他の選択肢が違うのかを確認すると、同じ論点の言い換えに強くなります。1回目は全体の弱点発見、2回目は理由の確認、3回目はスピードと安定性の確認というように目的を分けると、ただ解いた回数だけが増える状態を避けられます。記録に残した語句は、用語集で関連語まで確認しましょう。,復習・確認方法,復習では「学習開始時に確認する公式情報」を意識します。過去問一覧で年度別の傾向を見たあと、アプリの過去問演習、実践演習、一問一答を使って同じ論点を別の角度から確認してください。用語集の関連語まで読むと、選択肢の中で安全装置、燃焼状態、法令手続が入れ替わったときにも判断しやすくなります。復習のタイミングは、解いた直後、翌日、数日後のように間隔を空けると定着を確認しやすくなります。正解した問題でも、根拠を説明できなかったものは復習対象に残すのがおすすめです。,注意点,試験制度、受験資格、手数料、合格基準、免除制度、法令改正に関わる内容は、断定して覚えないことが大切です。本サイトの解説は学習補助であり、公式見解ではありません。演習問題も公式過去問そのものではなく、著作権上の配慮と最新法令への対応のため編集した過去問形式の問題です。古い年度の問題で正しかった表現が、制度変更や法令改正により注意を要する場合もあります。迷ったときは、暗記した文言よりも公式情報、法令原文、安全側の判断を優先してください。,つまずきやすいポイント,つまずきやすいのは、用語の意味を知っていても、選択肢で別表現に変わると判断できなくなるケースです。たとえば安全弁、低水位、空気比、検査証のような語は、目的や異常時対応とセットで問われます。用語を単語カードのように覚えるだけでなく、何を防ぐための知識かまで確認しましょう。また、似た装置や手続をまとめて覚えると、細かな違いを見落としやすくなります。比較表や関連用語を使い、共通点と違いを分けて整理することで、ひっかけ選択肢にも対応しやすくなります。,次にやること,この記事を読んだら、まず関連する過去問を数問解き、分からなかった語句を用語集で確認します。その後、間違えた問題を復習対象に残し、次回の学習で同じ論点を解き直してください。新しい教材を増やすより、公式情報、過去問、用語、復習の流れを固定する方が継続しやすくなります。余裕があれば、同じ分野の実践演習や一問一答も確認し、別の聞かれ方でも判断できるか試してください。最後に、次に読む関連記事を1本だけ選ぶと学習が途切れにくくなります。,この記事だけで公式情報の確認は完了しますか？,いいえ。本記事は学習の進め方を整理するためのものです。試験日程、受験資格、手数料、合格基準、法令の正式な内容は、必ず試験実施団体や法令原文などの一次情報で確認してください。,試験概要の記事はどの順番で使うとよいですか？,まず「2級ボイラー技士試験とは？概要・出題科目・合格に向けた全体像」で全体像を確認し、次に過去問形式の演習で選択肢を読めるか試します。迷った語句は用語集へ戻し、復習対象として残すと再訪問しやすくなります。,schedule-application:2級ボイラー技士試験の日程・申込・受験前チェック;license-and-work:2級ボイラー技士免許でできることと試験対策の考え方
schedule-application,試験概要,2級ボイラー技士試験の日程・申込・受験前チェック,試験日程、受験申込、受験前に確認したい公式情報の見方を整理します。,試験概要を学習する受験生向けに、試験日程、受験申込、受験前に確認したい公式情報の見方を整理します。制度面は公式情報で確認しながら、過去問演習と用語解説で定着を図してください。,20,試験概要,2級ボイラー技士マスター編集部,資格学習サイト向けに、過去問形式演習・用語解説・学習導線を整理する編集チームです。,2級ボイラー技士マスター確認担当,公開前に公式情報への誘導、断定表現、内部リンク、更新日の有無を確認します。,2026-05-19,安全衛生技術試験協会（公式）|https://www.exam.or.jp/,試験概要の学習導線と、過去問・用語集への内部リンクを整理した記事です。,試験日程、受験申込、受験前に確認したい公式情報の見方を整理します。,公式情報を確認する;試験日程の確認;過去問形式の演習を解く;間違えた問題を復習へ残す;関連用語を読む,試験要項や公式ページが更新されたタイミングで本文と参照元を見直します。,2026-05-19,2026-08-19,2026-05-19,published,SEO記事テンプレート運用ルールに合わせ、目次・信頼性・FAQ・関連記事を整備。,最初に確認すること,まず確認したいのは、この記事のテーマである「試験日程の確認」です。制度情報や日程、合格基準のように年度で変わる可能性がある内容は、古い記事だけで判断しないでください。学習前に公式情報を見て、現在の出題範囲や注意事項を確認しておくと、あとから覚え直すリスクを減らせます。特に試験対策では、最初に前提を誤ると、過去問を解いても正しい復習につながりません。受験案内、試験実施団体の告知、法令の正式な内容を確認したうえで、このサイトの演習や用語解説を使う流れにすると安心です。,全体像・前提を分けて理解する,2級ボイラー技士試験は、構造、取扱い、燃料及び燃焼、関係法令の知識がつながって出題されます。試験概要の記事でも、単独の暗記で終わらせず、関連する装置名、事故防止の目的、法令上の扱いを分けて整理しましょう。特に似た用語は、意味の違いを一文で説明できる状態を目標にします。たとえば装置名を覚えるだけではなく、その装置がどの異常を防ぐのか、運転中にどのように確認するのか、法令問題ではどの表現で問われるのかまで結び付けると、選択肢の言い換えにも対応しやすくなります。,具体的な進め方,次に「申込時の注意」を過去問形式の演習で確認します。最初から満点を狙うより、読めなかった語句、迷った選択肢、時間がかかった分野を記録してください。間違えた問題の正答だけを見るのではなく、なぜ他の選択肢が違うのかを確認すると、同じ論点の言い換えに強くなります。1回目は全体の弱点発見、2回目は理由の確認、3回目はスピードと安定性の確認というように目的を分けると、ただ解いた回数だけが増える状態を避けられます。記録に残した語句は、用語集で関連語まで確認しましょう。,復習・確認方法,復習では「受験票・会場・当日の確認」を意識します。過去問一覧で年度別の傾向を見たあと、アプリの過去問演習、実践演習、一問一答を使って同じ論点を別の角度から確認してください。用語集の関連語まで読むと、選択肢の中で安全装置、燃焼状態、法令手続が入れ替わったときにも判断しやすくなります。復習のタイミングは、解いた直後、翌日、数日後のように間隔を空けると定着を確認しやすくなります。正解した問題でも、根拠を説明できなかったものは復習対象に残すのがおすすめです。,注意点,試験制度、受験資格、手数料、合格基準、免除制度、法令改正に関わる内容は、断定して覚えないことが大切です。本サイトの解説は学習補助であり、公式見解ではありません。演習問題も公式過去問そのものではなく、著作権上の配慮と最新法令への対応のため編集した過去問形式の問題です。古い年度の問題で正しかった表現が、制度変更や法令改正により注意を要する場合もあります。迷ったときは、暗記した文言よりも公式情報、法令原文、安全側の判断を優先してください。,つまずきやすいポイント,つまずきやすいのは、用語の意味を知っていても、選択肢で別表現に変わると判断できなくなるケースです。たとえば安全弁、低水位、空気比、検査証のような語は、目的や異常時対応とセットで問われます。用語を単語カードのように覚えるだけでなく、何を防ぐための知識かまで確認しましょう。また、似た装置や手続をまとめて覚えると、細かな違いを見落としやすくなります。比較表や関連用語を使い、共通点と違いを分けて整理することで、ひっかけ選択肢にも対応しやすくなります。,次にやること,この記事を読んだら、まず関連する過去問を数問解き、分からなかった語句を用語集で確認します。その後、間違えた問題を復習対象に残し、次回の学習で同じ論点を解き直してください。新しい教材を増やすより、公式情報、過去問、用語、復習の流れを固定する方が継続しやすくなります。余裕があれば、同じ分野の実践演習や一問一答も確認し、別の聞かれ方でも判断できるか試してください。最後に、次に読む関連記事を1本だけ選ぶと学習が途切れにくくなります。,この記事だけで公式情報の確認は完了しますか？,いいえ。本記事は学習の進め方を整理するためのものです。試験日程、受験資格、手数料、合格基準、法令の正式な内容は、必ず試験実施団体や法令原文などの一次情報で確認してください。,試験概要の記事はどの順番で使うとよいですか？,まず「2級ボイラー技士試験の日程・申込・受験前チェック」で全体像を確認し、次に過去問形式の演習で選択肢を読めるか試します。迷った語句は用語集へ戻し、復習対象として残すと再訪問しやすくなります。,license-and-work:2級ボイラー技士免許でできることと試験対策の考え方;passing-score:2級ボイラー技士試験の合格基準と科目別バランス対策
license-and-work,試験概要,2級ボイラー技士免許でできることと試験対策の考え方,2級ボイラー技士免許の位置づけ、作業主任者との関係、学習時の注意点を解説します。,試験概要を学習する受験生向けに、2級ボイラー技士免許の位置づけ、作業主任者との関係、学習時の注意点を解説します。制度面は公式情報で確認しながら、過去問演習と用語解説で定着を図してください。,30,試験概要,2級ボイラー技士マスター編集部,資格学習サイト向けに、過去問形式演習・用語解説・学習導線を整理する編集チームです。,2級ボイラー技士マスター確認担当,公開前に公式情報への誘導、断定表現、内部リンク、更新日の有無を確認します。,2026-05-19,安全衛生技術試験協会（公式）|https://www.exam.or.jp/,試験概要の学習導線と、過去問・用語集への内部リンクを整理した記事です。,2級ボイラー技士免許の位置づけ、作業主任者との関係、学習時の注意点を解説します。,公式情報を確認する;免許区分の考え方;過去問形式の演習を解く;間違えた問題を復習へ残す;関連用語を読む,試験要項や公式ページが更新されたタイミングで本文と参照元を見直します。,2026-05-19,2026-08-19,2026-05-19,published,SEO記事テンプレート運用ルールに合わせ、目次・信頼性・FAQ・関連記事を整備。,最初に確認すること,まず確認したいのは、この記事のテーマである「免許区分の考え方」です。制度情報や日程、合格基準のように年度で変わる可能性がある内容は、古い記事だけで判断しないでください。学習前に公式情報を見て、現在の出題範囲や注意事項を確認しておくと、あとから覚え直すリスクを減らせます。特に試験対策では、最初に前提を誤ると、過去問を解いても正しい復習につながりません。受験案内、試験実施団体の告知、法令の正式な内容を確認したうえで、このサイトの演習や用語解説を使う流れにすると安心です。,全体像・前提を分けて理解する,2級ボイラー技士試験は、構造、取扱い、燃料及び燃焼、関係法令の知識がつながって出題されます。試験概要の記事でも、単独の暗記で終わらせず、関連する装置名、事故防止の目的、法令上の扱いを分けて整理しましょう。特に似た用語は、意味の違いを一文で説明できる状態を目標にします。たとえば装置名を覚えるだけではなく、その装置がどの異常を防ぐのか、運転中にどのように確認するのか、法令問題ではどの表現で問われるのかまで結び付けると、選択肢の言い換えにも対応しやすくなります。,具体的な進め方,次に「作業主任者との関係」を過去問形式の演習で確認します。最初から満点を狙うより、読めなかった語句、迷った選択肢、時間がかかった分野を記録してください。間違えた問題の正答だけを見るのではなく、なぜ他の選択肢が違うのかを確認すると、同じ論点の言い換えに強くなります。1回目は全体の弱点発見、2回目は理由の確認、3回目はスピードと安定性の確認というように目的を分けると、ただ解いた回数だけが増える状態を避けられます。記録に残した語句は、用語集で関連語まで確認しましょう。,復習・確認方法,復習では「法令問題での確認ポイント」を意識します。過去問一覧で年度別の傾向を見たあと、アプリの過去問演習、実践演習、一問一答を使って同じ論点を別の角度から確認してください。用語集の関連語まで読むと、選択肢の中で安全装置、燃焼状態、法令手続が入れ替わったときにも判断しやすくなります。復習のタイミングは、解いた直後、翌日、数日後のように間隔を空けると定着を確認しやすくなります。正解した問題でも、根拠を説明できなかったものは復習対象に残すのがおすすめです。,注意点,試験制度、受験資格、手数料、合格基準、免除制度、法令改正に関わる内容は、断定して覚えないことが大切です。本サイトの解説は学習補助であり、公式見解ではありません。演習問題も公式過去問そのものではなく、著作権上の配慮と最新法令への対応のため編集した過去問形式の問題です。古い年度の問題で正しかった表現が、制度変更や法令改正により注意を要する場合もあります。迷ったときは、暗記した文言よりも公式情報、法令原文、安全側の判断を優先してください。,つまずきやすいポイント,つまずきやすいのは、用語の意味を知っていても、選択肢で別表現に変わると判断できなくなるケースです。たとえば安全弁、低水位、空気比、検査証のような語は、目的や異常時対応とセットで問われます。用語を単語カードのように覚えるだけでなく、何を防ぐための知識かまで確認しましょう。また、似た装置や手続をまとめて覚えると、細かな違いを見落としやすくなります。比較表や関連用語を使い、共通点と違いを分けて整理することで、ひっかけ選択肢にも対応しやすくなります。,次にやること,この記事を読んだら、まず関連する過去問を数問解き、分からなかった語句を用語集で確認します。その後、間違えた問題を復習対象に残し、次回の学習で同じ論点を解き直してください。新しい教材を増やすより、公式情報、過去問、用語、復習の流れを固定する方が継続しやすくなります。余裕があれば、同じ分野の実践演習や一問一答も確認し、別の聞かれ方でも判断できるか試してください。最後に、次に読む関連記事を1本だけ選ぶと学習が途切れにくくなります。,この記事だけで公式情報の確認は完了しますか？,いいえ。本記事は学習の進め方を整理するためのものです。試験日程、受験資格、手数料、合格基準、法令の正式な内容は、必ず試験実施団体や法令原文などの一次情報で確認してください。,試験概要の記事はどの順番で使うとよいですか？,まず「2級ボイラー技士免許でできることと試験対策の考え方」で全体像を確認し、次に過去問形式の演習で選択肢を読めるか試します。迷った語句は用語集へ戻し、復習対象として残すと再訪問しやすくなります。,passing-score:2級ボイラー技士試験の合格基準と科目別バランス対策;study-plan:2級ボイラー技士試験の勉強時間と学習計画の作り方
passing-score,試験対策,2級ボイラー技士試験の合格基準と科目別バランス対策,合格基準を意識した科目別学習、苦手科目を残さない得点戦略を解説します。,試験対策を学習する受験生向けに、合格基準を意識した科目別学習、苦手科目を残さない得点戦略を解説します。制度面は公式情報で確認しながら、過去問演習と用語解説で定着を図してください。,40,試験,2級ボイラー技士マスター編集部,資格学習サイト向けに、過去問形式演習・用語解説・学習導線を整理する編集チームです。,2級ボイラー技士マスター確認担当,公開前に公式情報への誘導、断定表現、内部リンク、更新日の有無を確認します。,2026-05-19,安全衛生技術試験協会（公式）|https://www.exam.or.jp/,試験対策の学習導線と、過去問・用語集への内部リンクを整理した記事です。,合格基準を意識した科目別学習、苦手科目を残さない得点戦略を解説します。,公式情報を確認する;総合点と科目バランス;過去問形式の演習を解く;間違えた問題を復習へ残す;関連用語を読む,試験要項や公式ページが更新されたタイミングで本文と参照元を見直します。,2026-05-19,2026-08-19,2026-05-19,published,SEO記事テンプレート運用ルールに合わせ、目次・信頼性・FAQ・関連記事を整備。,最初に確認すること,まず確認したいのは、この記事のテーマである「総合点と科目バランス」です。制度情報や日程、合格基準のように年度で変わる可能性がある内容は、古い記事だけで判断しないでください。学習前に公式情報を見て、現在の出題範囲や注意事項を確認しておくと、あとから覚え直すリスクを減らせます。特に試験対策では、最初に前提を誤ると、過去問を解いても正しい復習につながりません。受験案内、試験実施団体の告知、法令の正式な内容を確認したうえで、このサイトの演習や用語解説を使う流れにすると安心です。,全体像・前提を分けて理解する,2級ボイラー技士試験は、構造、取扱い、燃料及び燃焼、関係法令の知識がつながって出題されます。試験対策の記事でも、単独の暗記で終わらせず、関連する装置名、事故防止の目的、法令上の扱いを分けて整理しましょう。特に似た用語は、意味の違いを一文で説明できる状態を目標にします。たとえば装置名を覚えるだけではなく、その装置がどの異常を防ぐのか、運転中にどのように確認するのか、法令問題ではどの表現で問われるのかまで結び付けると、選択肢の言い換えにも対応しやすくなります。,具体的な進め方,次に「苦手科目の早期発見」を過去問形式の演習で確認します。最初から満点を狙うより、読めなかった語句、迷った選択肢、時間がかかった分野を記録してください。間違えた問題の正答だけを見るのではなく、なぜ他の選択肢が違うのかを確認すると、同じ論点の言い換えに強くなります。1回目は全体の弱点発見、2回目は理由の確認、3回目はスピードと安定性の確認というように目的を分けると、ただ解いた回数だけが増える状態を避けられます。記録に残した語句は、用語集で関連語まで確認しましょう。,復習・確認方法,復習では「過去問での到達度確認」を意識します。過去問一覧で年度別の傾向を見たあと、アプリの過去問演習、実践演習、一問一答を使って同じ論点を別の角度から確認してください。用語集の関連語まで読むと、選択肢の中で安全装置、燃焼状態、法令手続が入れ替わったときにも判断しやすくなります。復習のタイミングは、解いた直後、翌日、数日後のように間隔を空けると定着を確認しやすくなります。正解した問題でも、根拠を説明できなかったものは復習対象に残すのがおすすめです。,注意点,試験制度、受験資格、手数料、合格基準、免除制度、法令改正に関わる内容は、断定して覚えないことが大切です。本サイトの解説は学習補助であり、公式見解ではありません。演習問題も公式過去問そのものではなく、著作権上の配慮と最新法令への対応のため編集した過去問形式の問題です。古い年度の問題で正しかった表現が、制度変更や法令改正により注意を要する場合もあります。迷ったときは、暗記した文言よりも公式情報、法令原文、安全側の判断を優先してください。,つまずきやすいポイント,つまずきやすいのは、用語の意味を知っていても、選択肢で別表現に変わると判断できなくなるケースです。たとえば安全弁、低水位、空気比、検査証のような語は、目的や異常時対応とセットで問われます。用語を単語カードのように覚えるだけでなく、何を防ぐための知識かまで確認しましょう。また、似た装置や手続をまとめて覚えると、細かな違いを見落としやすくなります。比較表や関連用語を使い、共通点と違いを分けて整理することで、ひっかけ選択肢にも対応しやすくなります。,次にやること,この記事を読んだら、まず関連する過去問を数問解き、分からなかった語句を用語集で確認します。その後、間違えた問題を復習対象に残し、次回の学習で同じ論点を解き直してください。新しい教材を増やすより、公式情報、過去問、用語、復習の流れを固定する方が継続しやすくなります。余裕があれば、同じ分野の実践演習や一問一答も確認し、別の聞かれ方でも判断できるか試してください。最後に、次に読む関連記事を1本だけ選ぶと学習が途切れにくくなります。,この記事だけで公式情報の確認は完了しますか？,いいえ。本記事は学習の進め方を整理するためのものです。試験日程、受験資格、手数料、合格基準、法令の正式な内容は、必ず試験実施団体や法令原文などの一次情報で確認してください。,試験対策の記事はどの順番で使うとよいですか？,まず「2級ボイラー技士試験の合格基準と科目別バランス対策」で全体像を確認し、次に過去問形式の演習で選択肢を読めるか試します。迷った語句は用語集へ戻し、復習対象として残すと再訪問しやすくなります。,study-plan:2級ボイラー技士試験の勉強時間と学習計画の作り方;past-questions-how-to-use:2級ボイラー技士試験の過去問活用法｜解きっぱなしを防ぐ復習手順
study-plan,試験対策,2級ボイラー技士試験の勉強時間と学習計画の作り方,初学者が無理なく進めるための学習順序、復習頻度、過去問演習の入れ方を紹介します。,試験対策を学習する受験生向けに、初学者が無理なく進めるための学習順序、復習頻度、過去問演習の入れ方を紹介します。制度面は公式情報で確認しながら、過去問演習と用語解説で定着を図してください。,50,試験,2級ボイラー技士マスター編集部,資格学習サイト向けに、過去問形式演習・用語解説・学習導線を整理する編集チームです。,2級ボイラー技士マスター確認担当,公開前に公式情報への誘導、断定表現、内部リンク、更新日の有無を確認します。,2026-05-19,安全衛生技術試験協会（公式）|https://www.exam.or.jp/,試験対策の学習導線と、過去問・用語集への内部リンクを整理した記事です。,初学者が無理なく進めるための学習順序、復習頻度、過去問演習の入れ方を紹介します。,公式情報を確認する;基礎用語から始める;過去問形式の演習を解く;間違えた問題を復習へ残す;関連用語を読む,試験要項や公式ページが更新されたタイミングで本文と参照元を見直します。,2026-05-19,2026-08-19,2026-05-19,published,SEO記事テンプレート運用ルールに合わせ、目次・信頼性・FAQ・関連記事を整備。,最初に確認すること,まず確認したいのは、この記事のテーマである「基礎用語から始める」です。制度情報や日程、合格基準のように年度で変わる可能性がある内容は、古い記事だけで判断しないでください。学習前に公式情報を見て、現在の出題範囲や注意事項を確認しておくと、あとから覚え直すリスクを減らせます。特に試験対策では、最初に前提を誤ると、過去問を解いても正しい復習につながりません。受験案内、試験実施団体の告知、法令の正式な内容を確認したうえで、このサイトの演習や用語解説を使う流れにすると安心です。,全体像・前提を分けて理解する,2級ボイラー技士試験は、構造、取扱い、燃料及び燃焼、関係法令の知識がつながって出題されます。試験対策の記事でも、単独の暗記で終わらせず、関連する装置名、事故防止の目的、法令上の扱いを分けて整理しましょう。特に似た用語は、意味の違いを一文で説明できる状態を目標にします。たとえば装置名を覚えるだけではなく、その装置がどの異常を防ぐのか、運転中にどのように確認するのか、法令問題ではどの表現で問われるのかまで結び付けると、選択肢の言い換えにも対応しやすくなります。,具体的な進め方,次に「過去問を早めに回す」を過去問形式の演習で確認します。最初から満点を狙うより、読めなかった語句、迷った選択肢、時間がかかった分野を記録してください。間違えた問題の正答だけを見るのではなく、なぜ他の選択肢が違うのかを確認すると、同じ論点の言い換えに強くなります。1回目は全体の弱点発見、2回目は理由の確認、3回目はスピードと安定性の確認というように目的を分けると、ただ解いた回数だけが増える状態を避けられます。記録に残した語句は、用語集で関連語まで確認しましょう。,復習・確認方法,復習では「復習日を固定する」を意識します。過去問一覧で年度別の傾向を見たあと、アプリの過去問演習、実践演習、一問一答を使って同じ論点を別の角度から確認してください。用語集の関連語まで読むと、選択肢の中で安全装置、燃焼状態、法令手続が入れ替わったときにも判断しやすくなります。復習のタイミングは、解いた直後、翌日、数日後のように間隔を空けると定着を確認しやすくなります。正解した問題でも、根拠を説明できなかったものは復習対象に残すのがおすすめです。,注意点,試験制度、受験資格、手数料、合格基準、免除制度、法令改正に関わる内容は、断定して覚えないことが大切です。本サイトの解説は学習補助であり、公式見解ではありません。演習問題も公式過去問そのものではなく、著作権上の配慮と最新法令への対応のため編集した過去問形式の問題です。古い年度の問題で正しかった表現が、制度変更や法令改正により注意を要する場合もあります。迷ったときは、暗記した文言よりも公式情報、法令原文、安全側の判断を優先してください。,つまずきやすいポイント,つまずきやすいのは、用語の意味を知っていても、選択肢で別表現に変わると判断できなくなるケースです。たとえば安全弁、低水位、空気比、検査証のような語は、目的や異常時対応とセットで問われます。用語を単語カードのように覚えるだけでなく、何を防ぐための知識かまで確認しましょう。また、似た装置や手続をまとめて覚えると、細かな違いを見落としやすくなります。比較表や関連用語を使い、共通点と違いを分けて整理することで、ひっかけ選択肢にも対応しやすくなります。,次にやること,この記事を読んだら、まず関連する過去問を数問解き、分からなかった語句を用語集で確認します。その後、間違えた問題を復習対象に残し、次回の学習で同じ論点を解き直してください。新しい教材を増やすより、公式情報、過去問、用語、復習の流れを固定する方が継続しやすくなります。余裕があれば、同じ分野の実践演習や一問一答も確認し、別の聞かれ方でも判断できるか試してください。最後に、次に読む関連記事を1本だけ選ぶと学習が途切れにくくなります。,この記事だけで公式情報の確認は完了しますか？,いいえ。本記事は学習の進め方を整理するためのものです。試験日程、受験資格、手数料、合格基準、法令の正式な内容は、必ず試験実施団体や法令原文などの一次情報で確認してください。,試験対策の記事はどの順番で使うとよいですか？,まず「2級ボイラー技士試験の勉強時間と学習計画の作り方」で全体像を確認し、次に過去問形式の演習で選択肢を読めるか試します。迷った語句は用語集へ戻し、復習対象として残すと再訪問しやすくなります。,past-questions-how-to-use:2級ボイラー技士試験の過去問活用法｜解きっぱなしを防ぐ復習手順;practice-questions:実践演習の使い方｜過去問後に伸びる2級ボイラー技士対策
past-questions-how-to-use,過去問活用,2級ボイラー技士試験の過去問活用法｜解きっぱなしを防ぐ復習手順,過去問形式の演習を使って、頻出論点を効率よく定着させる方法を解説します。,過去問活用を学習する受験生向けに、過去問形式の演習を使って、頻出論点を効率よく定着させる方法を解説します。制度面は公式情報で確認しながら、過去問演習と用語解説で定着を図してください。,60,過去問過去問,2級ボイラー技士マスター編集部,資格学習サイト向けに、過去問形式演習・用語解説・学習導線を整理する編集チームです。,2級ボイラー技士マスター確認担当,公開前に公式情報への誘導、断定表現、内部リンク、更新日の有無を確認します。,2026-05-19,安全衛生技術試験協会（公式）|https://www.exam.or.jp/,過去問活用の学習導線と、過去問・用語集への内部リンクを整理した記事です。,過去問形式の演習を使って、頻出論点を効率よく定着させる方法を解説します。,公式情報を確認する;年度別に全体感をつかむ;過去問形式の演習を解く;間違えた問題を復習へ残す;関連用語を読む,試験要項や公式ページが更新されたタイミングで本文と参照元を見直します。,2026-05-19,2026-08-19,2026-05-19,published,SEO記事テンプレート運用ルールに合わせ、目次・信頼性・FAQ・関連記事を整備。,最初に確認すること,まず確認したいのは、この記事のテーマである「年度別に全体感をつかむ」です。制度情報や日程、合格基準のように年度で変わる可能性がある内容は、古い記事だけで判断しないでください。学習前に公式情報を見て、現在の出題範囲や注意事項を確認しておくと、あとから覚え直すリスクを減らせます。特に試験対策では、最初に前提を誤ると、過去問を解いても正しい復習につながりません。受験案内、試験実施団体の告知、法令の正式な内容を確認したうえで、このサイトの演習や用語解説を使う流れにすると安心です。,全体像・前提を分けて理解する,2級ボイラー技士試験は、構造、取扱い、燃料及び燃焼、関係法令の知識がつながって出題されます。過去問活用の記事でも、単独の暗記で終わらせず、関連する装置名、事故防止の目的、法令上の扱いを分けて整理しましょう。特に似た用語は、意味の違いを一文で説明できる状態を目標にします。たとえば装置名を覚えるだけではなく、その装置がどの異常を防ぐのか、運転中にどのように確認するのか、法令問題ではどの表現で問われるのかまで結び付けると、選択肢の言い換えにも対応しやすくなります。,具体的な進め方,次に「科目別に弱点をつぶす」を過去問形式の演習で確認します。最初から満点を狙うより、読めなかった語句、迷った選択肢、時間がかかった分野を記録してください。間違えた問題の正答だけを見るのではなく、なぜ他の選択肢が違うのかを確認すると、同じ論点の言い換えに強くなります。1回目は全体の弱点発見、2回目は理由の確認、3回目はスピードと安定性の確認というように目的を分けると、ただ解いた回数だけが増える状態を避けられます。記録に残した語句は、用語集で関連語まで確認しましょう。,復習・確認方法,復習では「間違えた理由を記録する」を意識します。過去問一覧で年度別の傾向を見たあと、アプリの過去問演習、実践演習、一問一答を使って同じ論点を別の角度から確認してください。用語集の関連語まで読むと、選択肢の中で安全装置、燃焼状態、法令手続が入れ替わったときにも判断しやすくなります。復習のタイミングは、解いた直後、翌日、数日後のように間隔を空けると定着を確認しやすくなります。正解した問題でも、根拠を説明できなかったものは復習対象に残すのがおすすめです。,注意点,試験制度、受験資格、手数料、合格基準、免除制度、法令改正に関わる内容は、断定して覚えないことが大切です。本サイトの解説は学習補助であり、公式見解ではありません。演習問題も公式過去問そのものではなく、著作権上の配慮と最新法令への対応のため編集した過去問形式の問題です。古い年度の問題で正しかった表現が、制度変更や法令改正により注意を要する場合もあります。迷ったときは、暗記した文言よりも公式情報、法令原文、安全側の判断を優先してください。,つまずきやすいポイント,つまずきやすいのは、用語の意味を知っていても、選択肢で別表現に変わると判断できなくなるケースです。たとえば安全弁、低水位、空気比、検査証のような語は、目的や異常時対応とセットで問われます。用語を単語カードのように覚えるだけでなく、何を防ぐための知識かまで確認しましょう。また、似た装置や手続をまとめて覚えると、細かな違いを見落としやすくなります。比較表や関連用語を使い、共通点と違いを分けて整理することで、ひっかけ選択肢にも対応しやすくなります。,次にやること,この記事を読んだら、まず関連する過去問を数問解き、分からなかった語句を用語集で確認します。その後、間違えた問題を復習対象に残し、次回の学習で同じ論点を解き直してください。新しい教材を増やすより、公式情報、過去問、用語、復習の流れを固定する方が継続しやすくなります。余裕があれば、同じ分野の実践演習や一問一答も確認し、別の聞かれ方でも判断できるか試してください。最後に、次に読む関連記事を1本だけ選ぶと学習が途切れにくくなります。,この記事だけで公式情報の確認は完了しますか？,いいえ。本記事は学習の進め方を整理するためのものです。試験日程、受験資格、手数料、合格基準、法令の正式な内容は、必ず試験実施団体や法令原文などの一次情報で確認してください。,過去問活用の記事はどの順番で使うとよいですか？,まず「2級ボイラー技士試験の過去問活用法｜解きっぱなしを防ぐ復習手順」で全体像を確認し、次に過去問形式の演習で選択肢を読めるか試します。迷った語句は用語集へ戻し、復習対象として残すと再訪問しやすくなります。,practice-questions:実践演習の使い方｜過去問後に伸びる2級ボイラー技士対策;mock-exam:本番形式の模擬試験で確認すべきこと｜時間配分と見直し
practice-questions,過去問活用,実践演習の使い方｜過去問後に伸びる2級ボイラー技士対策,過去問形式と実践演習を組み合わせ、知識の穴を埋める学習法を紹介します。,過去問活用を学習する受験生向けに、過去問形式と実践演習を組み合わせ、知識の穴を埋める学習法を紹介します。制度面は公式情報で確認しながら、過去問演習と用語解説で定着を図してください。,70,過去問過去問,2級ボイラー技士マスター編集部,資格学習サイト向けに、過去問形式演習・用語解説・学習導線を整理する編集チームです。,2級ボイラー技士マスター確認担当,公開前に公式情報への誘導、断定表現、内部リンク、更新日の有無を確認します。,2026-05-19,安全衛生技術試験協会（公式）|https://www.exam.or.jp/,過去問活用の学習導線と、過去問・用語集への内部リンクを整理した記事です。,過去問形式と実践演習を組み合わせ、知識の穴を埋める学習法を紹介します。,公式情報を確認する;過去問後に実践演習を解く;過去問形式の演習を解く;間違えた問題を復習へ残す;関連用語を読む,試験要項や公式ページが更新されたタイミングで本文と参照元を見直します。,2026-05-19,2026-08-19,2026-05-19,published,SEO記事テンプレート運用ルールに合わせ、目次・信頼性・FAQ・関連記事を整備。,最初に確認すること,まず確認したいのは、この記事のテーマである「過去問後に実践演習を解く」です。制度情報や日程、合格基準のように年度で変わる可能性がある内容は、古い記事だけで判断しないでください。学習前に公式情報を見て、現在の出題範囲や注意事項を確認しておくと、あとから覚え直すリスクを減らせます。特に試験対策では、最初に前提を誤ると、過去問を解いても正しい復習につながりません。受験案内、試験実施団体の告知、法令の正式な内容を確認したうえで、このサイトの演習や用語解説を使う流れにすると安心です。,全体像・前提を分けて理解する,2級ボイラー技士試験は、構造、取扱い、燃料及び燃焼、関係法令の知識がつながって出題されます。過去問活用の記事でも、単独の暗記で終わらせず、関連する装置名、事故防止の目的、法令上の扱いを分けて整理しましょう。特に似た用語は、意味の違いを一文で説明できる状態を目標にします。たとえば装置名を覚えるだけではなく、その装置がどの異常を防ぐのか、運転中にどのように確認するのか、法令問題ではどの表現で問われるのかまで結び付けると、選択肢の言い換えにも対応しやすくなります。,具体的な進め方,次に「似た選択肢で理解を確認する」を過去問形式の演習で確認します。最初から満点を狙うより、読めなかった語句、迷った選択肢、時間がかかった分野を記録してください。間違えた問題の正答だけを見るのではなく、なぜ他の選択肢が違うのかを確認すると、同じ論点の言い換えに強くなります。1回目は全体の弱点発見、2回目は理由の確認、3回目はスピードと安定性の確認というように目的を分けると、ただ解いた回数だけが増える状態を避けられます。記録に残した語句は、用語集で関連語まで確認しましょう。,復習・確認方法,復習では「正答理由を言語化する」を意識します。過去問一覧で年度別の傾向を見たあと、アプリの過去問演習、実践演習、一問一答を使って同じ論点を別の角度から確認してください。用語集の関連語まで読むと、選択肢の中で安全装置、燃焼状態、法令手続が入れ替わったときにも判断しやすくなります。復習のタイミングは、解いた直後、翌日、数日後のように間隔を空けると定着を確認しやすくなります。正解した問題でも、根拠を説明できなかったものは復習対象に残すのがおすすめです。,注意点,試験制度、受験資格、手数料、合格基準、免除制度、法令改正に関わる内容は、断定して覚えないことが大切です。本サイトの解説は学習補助であり、公式見解ではありません。演習問題も公式過去問そのものではなく、著作権上の配慮と最新法令への対応のため編集した過去問形式の問題です。古い年度の問題で正しかった表現が、制度変更や法令改正により注意を要する場合もあります。迷ったときは、暗記した文言よりも公式情報、法令原文、安全側の判断を優先してください。,つまずきやすいポイント,つまずきやすいのは、用語の意味を知っていても、選択肢で別表現に変わると判断できなくなるケースです。たとえば安全弁、低水位、空気比、検査証のような語は、目的や異常時対応とセットで問われます。用語を単語カードのように覚えるだけでなく、何を防ぐための知識かまで確認しましょう。また、似た装置や手続をまとめて覚えると、細かな違いを見落としやすくなります。比較表や関連用語を使い、共通点と違いを分けて整理することで、ひっかけ選択肢にも対応しやすくなります。,次にやること,この記事を読んだら、まず関連する過去問を数問解き、分からなかった語句を用語集で確認します。その後、間違えた問題を復習対象に残し、次回の学習で同じ論点を解き直してください。新しい教材を増やすより、公式情報、過去問、用語、復習の流れを固定する方が継続しやすくなります。余裕があれば、同じ分野の実践演習や一問一答も確認し、別の聞かれ方でも判断できるか試してください。最後に、次に読む関連記事を1本だけ選ぶと学習が途切れにくくなります。,この記事だけで公式情報の確認は完了しますか？,いいえ。本記事は学習の進め方を整理するためのものです。試験日程、受験資格、手数料、合格基準、法令の正式な内容は、必ず試験実施団体や法令原文などの一次情報で確認してください。,過去問活用の記事はどの順番で使うとよいですか？,まず「実践演習の使い方｜過去問後に伸びる2級ボイラー技士対策」で全体像を確認し、次に過去問形式の演習で選択肢を読めるか試します。迷った語句は用語集へ戻し、復習対象として残すと再訪問しやすくなります。,mock-exam:本番形式の模擬試験で確認すべきこと｜時間配分と見直し;one-question-review:一問一答で2級ボイラー技士の基礎知識を固める方法
mock-exam,過去問活用,本番形式の模擬試験で確認すべきこと｜時間配分と見直し,2級ボイラー技士試験の直前期に、本番形式で確認したい時間配分と復習方法をまとめます。,過去問活用を学習する受験生向けに、2級ボイラー技士試験の直前期に、本番形式で確認したい時間配分と復習方法をまとめます。制度面は公式情報で確認しながら、過去問演習と用語解説で定着を図してください。,80,過去問過去問,2級ボイラー技士マスター編集部,資格学習サイト向けに、過去問形式演習・用語解説・学習導線を整理する編集チームです。,2級ボイラー技士マスター確認担当,公開前に公式情報への誘導、断定表現、内部リンク、更新日の有無を確認します。,2026-05-19,安全衛生技術試験協会（公式）|https://www.exam.or.jp/,過去問活用の学習導線と、過去問・用語集への内部リンクを整理した記事です。,2級ボイラー技士試験の直前期に、本番形式で確認したい時間配分と復習方法をまとめます。,公式情報を確認する;制限時間を意識する;過去問形式の演習を解く;間違えた問題を復習へ残す;関連用語を読む,試験要項や公式ページが更新されたタイミングで本文と参照元を見直します。,2026-05-19,2026-08-19,2026-05-19,published,SEO記事テンプレート運用ルールに合わせ、目次・信頼性・FAQ・関連記事を整備。,最初に確認すること,まず確認したいのは、この記事のテーマである「制限時間を意識する」です。制度情報や日程、合格基準のように年度で変わる可能性がある内容は、古い記事だけで判断しないでください。学習前に公式情報を見て、現在の出題範囲や注意事項を確認しておくと、あとから覚え直すリスクを減らせます。特に試験対策では、最初に前提を誤ると、過去問を解いても正しい復習につながりません。受験案内、試験実施団体の告知、法令の正式な内容を確認したうえで、このサイトの演習や用語解説を使う流れにすると安心です。,全体像・前提を分けて理解する,2級ボイラー技士試験は、構造、取扱い、燃料及び燃焼、関係法令の知識がつながって出題されます。過去問活用の記事でも、単独の暗記で終わらせず、関連する装置名、事故防止の目的、法令上の扱いを分けて整理しましょう。特に似た用語は、意味の違いを一文で説明できる状態を目標にします。たとえば装置名を覚えるだけではなく、その装置がどの異常を防ぐのか、運転中にどのように確認するのか、法令問題ではどの表現で問われるのかまで結び付けると、選択肢の言い換えにも対応しやすくなります。,具体的な進め方,次に「迷った問題を残す」を過去問形式の演習で確認します。最初から満点を狙うより、読めなかった語句、迷った選択肢、時間がかかった分野を記録してください。間違えた問題の正答だけを見るのではなく、なぜ他の選択肢が違うのかを確認すると、同じ論点の言い換えに強くなります。1回目は全体の弱点発見、2回目は理由の確認、3回目はスピードと安定性の確認というように目的を分けると、ただ解いた回数だけが増える状態を避けられます。記録に残した語句は、用語集で関連語まで確認しましょう。,復習・確認方法,復習では「科目別の失点傾向を見る」を意識します。過去問一覧で年度別の傾向を見たあと、アプリの過去問演習、実践演習、一問一答を使って同じ論点を別の角度から確認してください。用語集の関連語まで読むと、選択肢の中で安全装置、燃焼状態、法令手続が入れ替わったときにも判断しやすくなります。復習のタイミングは、解いた直後、翌日、数日後のように間隔を空けると定着を確認しやすくなります。正解した問題でも、根拠を説明できなかったものは復習対象に残すのがおすすめです。,注意点,試験制度、受験資格、手数料、合格基準、免除制度、法令改正に関わる内容は、断定して覚えないことが大切です。本サイトの解説は学習補助であり、公式見解ではありません。演習問題も公式過去問そのものではなく、著作権上の配慮と最新法令への対応のため編集した過去問形式の問題です。古い年度の問題で正しかった表現が、制度変更や法令改正により注意を要する場合もあります。迷ったときは、暗記した文言よりも公式情報、法令原文、安全側の判断を優先してください。,つまずきやすいポイント,つまずきやすいのは、用語の意味を知っていても、選択肢で別表現に変わると判断できなくなるケースです。たとえば安全弁、低水位、空気比、検査証のような語は、目的や異常時対応とセットで問われます。用語を単語カードのように覚えるだけでなく、何を防ぐための知識かまで確認しましょう。また、似た装置や手続をまとめて覚えると、細かな違いを見落としやすくなります。比較表や関連用語を使い、共通点と違いを分けて整理することで、ひっかけ選択肢にも対応しやすくなります。,次にやること,この記事を読んだら、まず関連する過去問を数問解き、分からなかった語句を用語集で確認します。その後、間違えた問題を復習対象に残し、次回の学習で同じ論点を解き直してください。新しい教材を増やすより、公式情報、過去問、用語、復習の流れを固定する方が継続しやすくなります。余裕があれば、同じ分野の実践演習や一問一答も確認し、別の聞かれ方でも判断できるか試してください。最後に、次に読む関連記事を1本だけ選ぶと学習が途切れにくくなります。,この記事だけで公式情報の確認は完了しますか？,いいえ。本記事は学習の進め方を整理するためのものです。試験日程、受験資格、手数料、合格基準、法令の正式な内容は、必ず試験実施団体や法令原文などの一次情報で確認してください。,過去問活用の記事はどの順番で使うとよいですか？,まず「本番形式の模擬試験で確認すべきこと｜時間配分と見直し」で全体像を確認し、次に過去問形式の演習で選択肢を読めるか試します。迷った語句は用語集へ戻し、復習対象として残すと再訪問しやすくなります。,one-question-review:一問一答で2級ボイラー技士の基礎知識を固める方法;glossary-study:重要用語から覚える2級ボイラー技士試験対策
one-question-review,学習法,一問一答で2級ボイラー技士の基礎知識を固める方法,短時間学習に向く一問一答の使い方と、過去問演習へのつなげ方を解説します。,学習法を学習する受験生向けに、短時間学習に向く一問一答の使い方と、過去問演習へのつなげ方を解説します。制度面は公式情報で確認しながら、過去問演習と用語解説で定着を図してください。,90,学習法,2級ボイラー技士マスター編集部,資格学習サイト向けに、過去問形式演習・用語解説・学習導線を整理する編集チームです。,2級ボイラー技士マスター確認担当,公開前に公式情報への誘導、断定表現、内部リンク、更新日の有無を確認します。,2026-05-19,安全衛生技術試験協会（公式）|https://www.exam.or.jp/,学習法の学習導線と、過去問・用語集への内部リンクを整理した記事です。,短時間学習に向く一問一答の使い方と、過去問演習へのつなげ方を解説します。,公式情報を確認する;短時間で反復する;過去問形式の演習を解く;間違えた問題を復習へ残す;関連用語を読む,試験要項や公式ページが更新されたタイミングで本文と参照元を見直します。,2026-05-19,2026-08-19,2026-05-19,published,SEO記事テンプレート運用ルールに合わせ、目次・信頼性・FAQ・関連記事を整備。,最初に確認すること,まず確認したいのは、この記事のテーマである「短時間で反復する」です。制度情報や日程、合格基準のように年度で変わる可能性がある内容は、古い記事だけで判断しないでください。学習前に公式情報を見て、現在の出題範囲や注意事項を確認しておくと、あとから覚え直すリスクを減らせます。特に試験対策では、最初に前提を誤ると、過去問を解いても正しい復習につながりません。受験案内、試験実施団体の告知、法令の正式な内容を確認したうえで、このサイトの演習や用語解説を使う流れにすると安心です。,全体像・前提を分けて理解する,2級ボイラー技士試験は、構造、取扱い、燃料及び燃焼、関係法令の知識がつながって出題されます。学習法の記事でも、単独の暗記で終わらせず、関連する装置名、事故防止の目的、法令上の扱いを分けて整理しましょう。特に似た用語は、意味の違いを一文で説明できる状態を目標にします。たとえば装置名を覚えるだけではなく、その装置がどの異常を防ぐのか、運転中にどのように確認するのか、法令問題ではどの表現で問われるのかまで結び付けると、選択肢の言い換えにも対応しやすくなります。,具体的な進め方,次に「正誤だけでなく理由を見る」を過去問形式の演習で確認します。最初から満点を狙うより、読めなかった語句、迷った選択肢、時間がかかった分野を記録してください。間違えた問題の正答だけを見るのではなく、なぜ他の選択肢が違うのかを確認すると、同じ論点の言い換えに強くなります。1回目は全体の弱点発見、2回目は理由の確認、3回目はスピードと安定性の確認というように目的を分けると、ただ解いた回数だけが増える状態を避けられます。記録に残した語句は、用語集で関連語まで確認しましょう。,復習・確認方法,復習では「用語集へ戻って確認する」を意識します。過去問一覧で年度別の傾向を見たあと、アプリの過去問演習、実践演習、一問一答を使って同じ論点を別の角度から確認してください。用語集の関連語まで読むと、選択肢の中で安全装置、燃焼状態、法令手続が入れ替わったときにも判断しやすくなります。復習のタイミングは、解いた直後、翌日、数日後のように間隔を空けると定着を確認しやすくなります。正解した問題でも、根拠を説明できなかったものは復習対象に残すのがおすすめです。,注意点,試験制度、受験資格、手数料、合格基準、免除制度、法令改正に関わる内容は、断定して覚えないことが大切です。本サイトの解説は学習補助であり、公式見解ではありません。演習問題も公式過去問そのものではなく、著作権上の配慮と最新法令への対応のため編集した過去問形式の問題です。古い年度の問題で正しかった表現が、制度変更や法令改正により注意を要する場合もあります。迷ったときは、暗記した文言よりも公式情報、法令原文、安全側の判断を優先してください。,つまずきやすいポイント,つまずきやすいのは、用語の意味を知っていても、選択肢で別表現に変わると判断できなくなるケースです。たとえば安全弁、低水位、空気比、検査証のような語は、目的や異常時対応とセットで問われます。用語を単語カードのように覚えるだけでなく、何を防ぐための知識かまで確認しましょう。また、似た装置や手続をまとめて覚えると、細かな違いを見落としやすくなります。比較表や関連用語を使い、共通点と違いを分けて整理することで、ひっかけ選択肢にも対応しやすくなります。,次にやること,この記事を読んだら、まず関連する過去問を数問解き、分からなかった語句を用語集で確認します。その後、間違えた問題を復習対象に残し、次回の学習で同じ論点を解き直してください。新しい教材を増やすより、公式情報、過去問、用語、復習の流れを固定する方が継続しやすくなります。余裕があれば、同じ分野の実践演習や一問一答も確認し、別の聞かれ方でも判断できるか試してください。最後に、次に読む関連記事を1本だけ選ぶと学習が途切れにくくなります。,この記事だけで公式情報の確認は完了しますか？,いいえ。本記事は学習の進め方を整理するためのものです。試験日程、受験資格、手数料、合格基準、法令の正式な内容は、必ず試験実施団体や法令原文などの一次情報で確認してください。,学習法の記事はどの順番で使うとよいですか？,まず「一問一答で2級ボイラー技士の基礎知識を固める方法」で全体像を確認し、次に過去問形式の演習で選択肢を読めるか試します。迷った語句は用語集へ戻し、復習対象として残すと再訪問しやすくなります。,glossary-study:重要用語から覚える2級ボイラー技士試験対策;structure-subject:ボイラーの構造に関する知識の対策｜頻出装置と覚え方
glossary-study,学習法,重要用語から覚える2級ボイラー技士試験対策,安全弁、水面計、空気比などの重要用語を起点にした学習法を紹介します。,学習法を学習する受験生向けに、安全弁、水面計、空気比などの重要用語を起点にした学習法を紹介します。制度面は公式情報で確認しながら、過去問演習と用語解説で定着を図してください。,100,学習法,2級ボイラー技士マスター編集部,資格学習サイト向けに、過去問形式演習・用語解説・学習導線を整理する編集チームです。,2級ボイラー技士マスター確認担当,公開前に公式情報への誘導、断定表現、内部リンク、更新日の有無を確認します。,2026-05-19,安全衛生技術試験協会（公式）|https://www.exam.or.jp/,学習法の学習導線と、過去問・用語集への内部リンクを整理した記事です。,安全弁、水面計、空気比などの重要用語を起点にした学習法を紹介します。,公式情報を確認する;用語の定義を押さえる;過去問形式の演習を解く;間違えた問題を復習へ残す;関連用語を読む,試験要項や公式ページが更新されたタイミングで本文と参照元を見直します。,2026-05-19,2026-08-19,2026-05-19,published,SEO記事テンプレート運用ルールに合わせ、目次・信頼性・FAQ・関連記事を整備。,最初に確認すること,まず確認したいのは、この記事のテーマである「用語の定義を押さえる」です。制度情報や日程、合格基準のように年度で変わる可能性がある内容は、古い記事だけで判断しないでください。学習前に公式情報を見て、現在の出題範囲や注意事項を確認しておくと、あとから覚え直すリスクを減らせます。特に試験対策では、最初に前提を誤ると、過去問を解いても正しい復習につながりません。受験案内、試験実施団体の告知、法令の正式な内容を確認したうえで、このサイトの演習や用語解説を使う流れにすると安心です。,全体像・前提を分けて理解する,2級ボイラー技士試験は、構造、取扱い、燃料及び燃焼、関係法令の知識がつながって出題されます。学習法の記事でも、単独の暗記で終わらせず、関連する装置名、事故防止の目的、法令上の扱いを分けて整理しましょう。特に似た用語は、意味の違いを一文で説明できる状態を目標にします。たとえば装置名を覚えるだけではなく、その装置がどの異常を防ぐのか、運転中にどのように確認するのか、法令問題ではどの表現で問われるのかまで結び付けると、選択肢の言い換えにも対応しやすくなります。,具体的な進め方,次に「関連語をまとめて覚える」を過去問形式の演習で確認します。最初から満点を狙うより、読めなかった語句、迷った選択肢、時間がかかった分野を記録してください。間違えた問題の正答だけを見るのではなく、なぜ他の選択肢が違うのかを確認すると、同じ論点の言い換えに強くなります。1回目は全体の弱点発見、2回目は理由の確認、3回目はスピードと安定性の確認というように目的を分けると、ただ解いた回数だけが増える状態を避けられます。記録に残した語句は、用語集で関連語まで確認しましょう。,復習・確認方法,復習では「選択肢での言い換えに慣れる」を意識します。過去問一覧で年度別の傾向を見たあと、アプリの過去問演習、実践演習、一問一答を使って同じ論点を別の角度から確認してください。用語集の関連語まで読むと、選択肢の中で安全装置、燃焼状態、法令手続が入れ替わったときにも判断しやすくなります。復習のタイミングは、解いた直後、翌日、数日後のように間隔を空けると定着を確認しやすくなります。正解した問題でも、根拠を説明できなかったものは復習対象に残すのがおすすめです。,注意点,試験制度、受験資格、手数料、合格基準、免除制度、法令改正に関わる内容は、断定して覚えないことが大切です。本サイトの解説は学習補助であり、公式見解ではありません。演習問題も公式過去問そのものではなく、著作権上の配慮と最新法令への対応のため編集した過去問形式の問題です。古い年度の問題で正しかった表現が、制度変更や法令改正により注意を要する場合もあります。迷ったときは、暗記した文言よりも公式情報、法令原文、安全側の判断を優先してください。,つまずきやすいポイント,つまずきやすいのは、用語の意味を知っていても、選択肢で別表現に変わると判断できなくなるケースです。たとえば安全弁、低水位、空気比、検査証のような語は、目的や異常時対応とセットで問われます。用語を単語カードのように覚えるだけでなく、何を防ぐための知識かまで確認しましょう。また、似た装置や手続をまとめて覚えると、細かな違いを見落としやすくなります。比較表や関連用語を使い、共通点と違いを分けて整理することで、ひっかけ選択肢にも対応しやすくなります。,次にやること,この記事を読んだら、まず関連する過去問を数問解き、分からなかった語句を用語集で確認します。その後、間違えた問題を復習対象に残し、次回の学習で同じ論点を解き直してください。新しい教材を増やすより、公式情報、過去問、用語、復習の流れを固定する方が継続しやすくなります。余裕があれば、同じ分野の実践演習や一問一答も確認し、別の聞かれ方でも判断できるか試してください。最後に、次に読む関連記事を1本だけ選ぶと学習が途切れにくくなります。,この記事だけで公式情報の確認は完了しますか？,いいえ。本記事は学習の進め方を整理するためのものです。試験日程、受験資格、手数料、合格基準、法令の正式な内容は、必ず試験実施団体や法令原文などの一次情報で確認してください。,学習法の記事はどの順番で使うとよいですか？,まず「重要用語から覚える2級ボイラー技士試験対策」で全体像を確認し、次に過去問形式の演習で選択肢を読めるか試します。迷った語句は用語集へ戻し、復習対象として残すと再訪問しやすくなります。,structure-subject:ボイラーの構造に関する知識の対策｜頻出装置と覚え方;handling-subject:ボイラーの取扱いに関する知識の対策｜水位・点火・異常時対応
structure-subject,科目別対策,ボイラーの構造に関する知識の対策｜頻出装置と覚え方,水管ボイラー、炉筒煙管ボイラー、安全弁など、構造分野の頻出ポイントを整理します。,科目別対策を学習する受験生向けに、水管ボイラー、炉筒煙管ボイラー、安全弁など、構造分野の頻出ポイントを整理します。制度面は公式情報で確認しながら、過去問演習と用語解説で定着を図してください。,110,科目別,2級ボイラー技士マスター編集部,資格学習サイト向けに、過去問形式演習・用語解説・学習導線を整理する編集チームです。,2級ボイラー技士マスター確認担当,公開前に公式情報への誘導、断定表現、内部リンク、更新日の有無を確認します。,2026-05-19,安全衛生技術試験協会（公式）|https://www.exam.or.jp/,科目別対策の学習導線と、過去問・用語集への内部リンクを整理した記事です。,水管ボイラー、炉筒煙管ボイラー、安全弁など、構造分野の頻出ポイントを整理します。,公式情報を確認する;ボイラー形式を比較する;過去問形式の演習を解く;間違えた問題を復習へ残す;関連用語を読む,試験要項や公式ページが更新されたタイミングで本文と参照元を見直します。,2026-05-19,2026-08-19,2026-05-19,published,SEO記事テンプレート運用ルールに合わせ、目次・信頼性・FAQ・関連記事を整備。,最初に確認すること,まず確認したいのは、この記事のテーマである「ボイラー形式を比較する」です。制度情報や日程、合格基準のように年度で変わる可能性がある内容は、古い記事だけで判断しないでください。学習前に公式情報を見て、現在の出題範囲や注意事項を確認しておくと、あとから覚え直すリスクを減らせます。特に試験対策では、最初に前提を誤ると、過去問を解いても正しい復習につながりません。受験案内、試験実施団体の告知、法令の正式な内容を確認したうえで、このサイトの演習や用語解説を使う流れにすると安心です。,全体像・前提を分けて理解する,2級ボイラー技士試験は、構造、取扱い、燃料及び燃焼、関係法令の知識がつながって出題されます。科目別対策の記事でも、単独の暗記で終わらせず、関連する装置名、事故防止の目的、法令上の扱いを分けて整理しましょう。特に似た用語は、意味の違いを一文で説明できる状態を目標にします。たとえば装置名を覚えるだけではなく、その装置がどの異常を防ぐのか、運転中にどのように確認するのか、法令問題ではどの表現で問われるのかまで結び付けると、選択肢の言い換えにも対応しやすくなります。,具体的な進め方,次に「附属品の役割を整理する」を過去問形式の演習で確認します。最初から満点を狙うより、読めなかった語句、迷った選択肢、時間がかかった分野を記録してください。間違えた問題の正答だけを見るのではなく、なぜ他の選択肢が違うのかを確認すると、同じ論点の言い換えに強くなります。1回目は全体の弱点発見、2回目は理由の確認、3回目はスピードと安定性の確認というように目的を分けると、ただ解いた回数だけが増える状態を避けられます。記録に残した語句は、用語集で関連語まで確認しましょう。,復習・確認方法,復習では「制御装置の安全目的を見る」を意識します。過去問一覧で年度別の傾向を見たあと、アプリの過去問演習、実践演習、一問一答を使って同じ論点を別の角度から確認してください。用語集の関連語まで読むと、選択肢の中で安全装置、燃焼状態、法令手続が入れ替わったときにも判断しやすくなります。復習のタイミングは、解いた直後、翌日、数日後のように間隔を空けると定着を確認しやすくなります。正解した問題でも、根拠を説明できなかったものは復習対象に残すのがおすすめです。,注意点,試験制度、受験資格、手数料、合格基準、免除制度、法令改正に関わる内容は、断定して覚えないことが大切です。本サイトの解説は学習補助であり、公式見解ではありません。演習問題も公式過去問そのものではなく、著作権上の配慮と最新法令への対応のため編集した過去問形式の問題です。古い年度の問題で正しかった表現が、制度変更や法令改正により注意を要する場合もあります。迷ったときは、暗記した文言よりも公式情報、法令原文、安全側の判断を優先してください。,つまずきやすいポイント,つまずきやすいのは、用語の意味を知っていても、選択肢で別表現に変わると判断できなくなるケースです。たとえば安全弁、低水位、空気比、検査証のような語は、目的や異常時対応とセットで問われます。用語を単語カードのように覚えるだけでなく、何を防ぐための知識かまで確認しましょう。また、似た装置や手続をまとめて覚えると、細かな違いを見落としやすくなります。比較表や関連用語を使い、共通点と違いを分けて整理することで、ひっかけ選択肢にも対応しやすくなります。,次にやること,この記事を読んだら、まず関連する過去問を数問解き、分からなかった語句を用語集で確認します。その後、間違えた問題を復習対象に残し、次回の学習で同じ論点を解き直してください。新しい教材を増やすより、公式情報、過去問、用語、復習の流れを固定する方が継続しやすくなります。余裕があれば、同じ分野の実践演習や一問一答も確認し、別の聞かれ方でも判断できるか試してください。最後に、次に読む関連記事を1本だけ選ぶと学習が途切れにくくなります。,この記事だけで公式情報の確認は完了しますか？,いいえ。本記事は学習の進め方を整理するためのものです。試験日程、受験資格、手数料、合格基準、法令の正式な内容は、必ず試験実施団体や法令原文などの一次情報で確認してください。,科目別対策の記事はどの順番で使うとよいですか？,まず「ボイラーの構造に関する知識の対策｜頻出装置と覚え方」で全体像を確認し、次に過去問形式の演習で選択肢を読めるか試します。迷った語句は用語集へ戻し、復習対象として残すと再訪問しやすくなります。,handling-subject:ボイラーの取扱いに関する知識の対策｜水位・点火・異常時対応;fuel-combustion-subject:燃料及び燃焼に関する知識の対策｜空気比・燃焼管理・排ガス
handling-subject,科目別対策,ボイラーの取扱いに関する知識の対策｜水位・点火・異常時対応,低水位、吹出し、点火前確認、異常時対応など取扱い分野の学習ポイントを解説します。,科目別対策を学習する受験生向けに、低水位、吹出し、点火前確認、異常時対応など取扱い分野の学習ポイントを解説します。制度面は公式情報で確認しながら、過去問演習と用語解説で定着を図してください。,120,科目別,2級ボイラー技士マスター編集部,資格学習サイト向けに、過去問形式演習・用語解説・学習導線を整理する編集チームです。,2級ボイラー技士マスター確認担当,公開前に公式情報への誘導、断定表現、内部リンク、更新日の有無を確認します。,2026-05-19,安全衛生技術試験協会（公式）|https://www.exam.or.jp/,科目別対策の学習導線と、過去問・用語集への内部リンクを整理した記事です。,低水位、吹出し、点火前確認、異常時対応など取扱い分野の学習ポイントを解説します。,公式情報を確認する;水位管理を最優先で押さえる;過去問形式の演習を解く;間違えた問題を復習へ残す;関連用語を読む,試験要項や公式ページが更新されたタイミングで本文と参照元を見直します。,2026-05-19,2026-08-19,2026-05-19,published,SEO記事テンプレート運用ルールに合わせ、目次・信頼性・FAQ・関連記事を整備。,最初に確認すること,まず確認したいのは、この記事のテーマである「水位管理を最優先で押さえる」です。制度情報や日程、合格基準のように年度で変わる可能性がある内容は、古い記事だけで判断しないでください。学習前に公式情報を見て、現在の出題範囲や注意事項を確認しておくと、あとから覚え直すリスクを減らせます。特に試験対策では、最初に前提を誤ると、過去問を解いても正しい復習につながりません。受験案内、試験実施団体の告知、法令の正式な内容を確認したうえで、このサイトの演習や用語解説を使う流れにすると安心です。,全体像・前提を分けて理解する,2級ボイラー技士試験は、構造、取扱い、燃料及び燃焼、関係法令の知識がつながって出題されます。科目別対策の記事でも、単独の暗記で終わらせず、関連する装置名、事故防止の目的、法令上の扱いを分けて整理しましょう。特に似た用語は、意味の違いを一文で説明できる状態を目標にします。たとえば装置名を覚えるだけではなく、その装置がどの異常を防ぐのか、運転中にどのように確認するのか、法令問題ではどの表現で問われるのかまで結び付けると、選択肢の言い換えにも対応しやすくなります。,具体的な進め方,次に「点火前後の手順を整理する」を過去問形式の演習で確認します。最初から満点を狙うより、読めなかった語句、迷った選択肢、時間がかかった分野を記録してください。間違えた問題の正答だけを見るのではなく、なぜ他の選択肢が違うのかを確認すると、同じ論点の言い換えに強くなります。1回目は全体の弱点発見、2回目は理由の確認、3回目はスピードと安定性の確認というように目的を分けると、ただ解いた回数だけが増える状態を避けられます。記録に残した語句は、用語集で関連語まで確認しましょう。,復習・確認方法,復習では「異常時は原因確認を優先する」を意識します。過去問一覧で年度別の傾向を見たあと、アプリの過去問演習、実践演習、一問一答を使って同じ論点を別の角度から確認してください。用語集の関連語まで読むと、選択肢の中で安全装置、燃焼状態、法令手続が入れ替わったときにも判断しやすくなります。復習のタイミングは、解いた直後、翌日、数日後のように間隔を空けると定着を確認しやすくなります。正解した問題でも、根拠を説明できなかったものは復習対象に残すのがおすすめです。,注意点,試験制度、受験資格、手数料、合格基準、免除制度、法令改正に関わる内容は、断定して覚えないことが大切です。本サイトの解説は学習補助であり、公式見解ではありません。演習問題も公式過去問そのものではなく、著作権上の配慮と最新法令への対応のため編集した過去問形式の問題です。古い年度の問題で正しかった表現が、制度変更や法令改正により注意を要する場合もあります。迷ったときは、暗記した文言よりも公式情報、法令原文、安全側の判断を優先してください。,つまずきやすいポイント,つまずきやすいのは、用語の意味を知っていても、選択肢で別表現に変わると判断できなくなるケースです。たとえば安全弁、低水位、空気比、検査証のような語は、目的や異常時対応とセットで問われます。用語を単語カードのように覚えるだけでなく、何を防ぐための知識かまで確認しましょう。また、似た装置や手続をまとめて覚えると、細かな違いを見落としやすくなります。比較表や関連用語を使い、共通点と違いを分けて整理することで、ひっかけ選択肢にも対応しやすくなります。,次にやること,この記事を読んだら、まず関連する過去問を数問解き、分からなかった語句を用語集で確認します。その後、間違えた問題を復習対象に残し、次回の学習で同じ論点を解き直してください。新しい教材を増やすより、公式情報、過去問、用語、復習の流れを固定する方が継続しやすくなります。余裕があれば、同じ分野の実践演習や一問一答も確認し、別の聞かれ方でも判断できるか試してください。最後に、次に読む関連記事を1本だけ選ぶと学習が途切れにくくなります。,この記事だけで公式情報の確認は完了しますか？,いいえ。本記事は学習の進め方を整理するためのものです。試験日程、受験資格、手数料、合格基準、法令の正式な内容は、必ず試験実施団体や法令原文などの一次情報で確認してください。,科目別対策の記事はどの順番で使うとよいですか？,まず「ボイラーの取扱いに関する知識の対策｜水位・点火・異常時対応」で全体像を確認し、次に過去問形式の演習で選択肢を読めるか試します。迷った語句は用語集へ戻し、復習対象として残すと再訪問しやすくなります。,fuel-combustion-subject:燃料及び燃焼に関する知識の対策｜空気比・燃焼管理・排ガス;law-subject:関係法令の対策｜検査・届出・作業主任者を整理する
fuel-combustion-subject,科目別対策,燃料及び燃焼に関する知識の対策｜空気比・燃焼管理・排ガス,空気比、燃焼の三要素、燃料性質、排ガス分析など燃焼分野の頻出テーマをまとめます。,科目別対策を学習する受験生向けに、空気比、燃焼の三要素、燃料性質、排ガス分析など燃焼分野の頻出テーマをまとめます。制度面は公式情報で確認しながら、過去問演習と用語解説で定着を図してください。,130,科目別,2級ボイラー技士マスター編集部,資格学習サイト向けに、過去問形式演習・用語解説・学習導線を整理する編集チームです。,2級ボイラー技士マスター確認担当,公開前に公式情報への誘導、断定表現、内部リンク、更新日の有無を確認します。,2026-05-19,安全衛生技術試験協会（公式）|https://www.exam.or.jp/,科目別対策の学習導線と、過去問・用語集への内部リンクを整理した記事です。,空気比、燃焼の三要素、燃料性質、排ガス分析など燃焼分野の頻出テーマをまとめます。,公式情報を確認する;燃料性質を比較する;過去問形式の演習を解く;間違えた問題を復習へ残す;関連用語を読む,試験要項や公式ページが更新されたタイミングで本文と参照元を見直します。,2026-05-19,2026-08-19,2026-05-19,published,SEO記事テンプレート運用ルールに合わせ、目次・信頼性・FAQ・関連記事を整備。,最初に確認すること,まず確認したいのは、この記事のテーマである「燃料性質を比較する」です。制度情報や日程、合格基準のように年度で変わる可能性がある内容は、古い記事だけで判断しないでください。学習前に公式情報を見て、現在の出題範囲や注意事項を確認しておくと、あとから覚え直すリスクを減らせます。特に試験対策では、最初に前提を誤ると、過去問を解いても正しい復習につながりません。受験案内、試験実施団体の告知、法令の正式な内容を確認したうえで、このサイトの演習や用語解説を使う流れにすると安心です。,全体像・前提を分けて理解する,2級ボイラー技士試験は、構造、取扱い、燃料及び燃焼、関係法令の知識がつながって出題されます。科目別対策の記事でも、単独の暗記で終わらせず、関連する装置名、事故防止の目的、法令上の扱いを分けて整理しましょう。特に似た用語は、意味の違いを一文で説明できる状態を目標にします。たとえば装置名を覚えるだけではなく、その装置がどの異常を防ぐのか、運転中にどのように確認するのか、法令問題ではどの表現で問われるのかまで結び付けると、選択肢の言い換えにも対応しやすくなります。,具体的な進め方,次に「空気比と不完全燃焼をつなげる」を過去問形式の演習で確認します。最初から満点を狙うより、読めなかった語句、迷った選択肢、時間がかかった分野を記録してください。間違えた問題の正答だけを見るのではなく、なぜ他の選択肢が違うのかを確認すると、同じ論点の言い換えに強くなります。1回目は全体の弱点発見、2回目は理由の確認、3回目はスピードと安定性の確認というように目的を分けると、ただ解いた回数だけが増える状態を避けられます。記録に残した語句は、用語集で関連語まで確認しましょう。,復習・確認方法,復習では「排ガスから燃焼状態を読む」を意識します。過去問一覧で年度別の傾向を見たあと、アプリの過去問演習、実践演習、一問一答を使って同じ論点を別の角度から確認してください。用語集の関連語まで読むと、選択肢の中で安全装置、燃焼状態、法令手続が入れ替わったときにも判断しやすくなります。復習のタイミングは、解いた直後、翌日、数日後のように間隔を空けると定着を確認しやすくなります。正解した問題でも、根拠を説明できなかったものは復習対象に残すのがおすすめです。,注意点,試験制度、受験資格、手数料、合格基準、免除制度、法令改正に関わる内容は、断定して覚えないことが大切です。本サイトの解説は学習補助であり、公式見解ではありません。演習問題も公式過去問そのものではなく、著作権上の配慮と最新法令への対応のため編集した過去問形式の問題です。古い年度の問題で正しかった表現が、制度変更や法令改正により注意を要する場合もあります。迷ったときは、暗記した文言よりも公式情報、法令原文、安全側の判断を優先してください。,つまずきやすいポイント,つまずきやすいのは、用語の意味を知っていても、選択肢で別表現に変わると判断できなくなるケースです。たとえば安全弁、低水位、空気比、検査証のような語は、目的や異常時対応とセットで問われます。用語を単語カードのように覚えるだけでなく、何を防ぐための知識かまで確認しましょう。また、似た装置や手続をまとめて覚えると、細かな違いを見落としやすくなります。比較表や関連用語を使い、共通点と違いを分けて整理することで、ひっかけ選択肢にも対応しやすくなります。,次にやること,この記事を読んだら、まず関連する過去問を数問解き、分からなかった語句を用語集で確認します。その後、間違えた問題を復習対象に残し、次回の学習で同じ論点を解き直してください。新しい教材を増やすより、公式情報、過去問、用語、復習の流れを固定する方が継続しやすくなります。余裕があれば、同じ分野の実践演習や一問一答も確認し、別の聞かれ方でも判断できるか試してください。最後に、次に読む関連記事を1本だけ選ぶと学習が途切れにくくなります。,この記事だけで公式情報の確認は完了しますか？,いいえ。本記事は学習の進め方を整理するためのものです。試験日程、受験資格、手数料、合格基準、法令の正式な内容は、必ず試験実施団体や法令原文などの一次情報で確認してください。,科目別対策の記事はどの順番で使うとよいですか？,まず「燃料及び燃焼に関する知識の対策｜空気比・燃焼管理・排ガス」で全体像を確認し、次に過去問形式の演習で選択肢を読めるか試します。迷った語句は用語集へ戻し、復習対象として残すと再訪問しやすくなります。,law-subject:関係法令の対策｜検査・届出・作業主任者を整理する;water-level-safety:低水位・空だき対策｜2級ボイラー技士で最重要の安全論点
law-subject,科目別対策,関係法令の対策｜検査・届出・作業主任者を整理する,2級ボイラー技士試験の関係法令で頻出の検査証、届出、作業主任者を解説します。,科目別対策を学習する受験生向けに、2級ボイラー技士試験の関係法令で頻出の検査証、届出、作業主任者を解説します。制度面は公式情報で確認しながら、過去問演習と用語解説で定着を図してください。,140,科目別,2級ボイラー技士マスター編集部,資格学習サイト向けに、過去問形式演習・用語解説・学習導線を整理する編集チームです。,2級ボイラー技士マスター確認担当,公開前に公式情報への誘導、断定表現、内部リンク、更新日の有無を確認します。,2026-05-19,安全衛生技術試験協会（公式）|https://www.exam.or.jp/,科目別対策の学習導線と、過去問・用語集への内部リンクを整理した記事です。,2級ボイラー技士試験の関係法令で頻出の検査証、届出、作業主任者を解説します。,公式情報を確認する;検査の種類を分ける;過去問形式の演習を解く;間違えた問題を復習へ残す;関連用語を読む,試験要項や公式ページが更新されたタイミングで本文と参照元を見直します。,2026-05-19,2026-08-19,2026-05-19,published,SEO記事テンプレート運用ルールに合わせ、目次・信頼性・FAQ・関連記事を整備。,最初に確認すること,まず確認したいのは、この記事のテーマである「検査の種類を分ける」です。制度情報や日程、合格基準のように年度で変わる可能性がある内容は、古い記事だけで判断しないでください。学習前に公式情報を見て、現在の出題範囲や注意事項を確認しておくと、あとから覚え直すリスクを減らせます。特に試験対策では、最初に前提を誤ると、過去問を解いても正しい復習につながりません。受験案内、試験実施団体の告知、法令の正式な内容を確認したうえで、このサイトの演習や用語解説を使う流れにすると安心です。,全体像・前提を分けて理解する,2級ボイラー技士試験は、構造、取扱い、燃料及び燃焼、関係法令の知識がつながって出題されます。科目別対策の記事でも、単独の暗記で終わらせず、関連する装置名、事故防止の目的、法令上の扱いを分けて整理しましょう。特に似た用語は、意味の違いを一文で説明できる状態を目標にします。たとえば装置名を覚えるだけではなく、その装置がどの異常を防ぐのか、運転中にどのように確認するのか、法令問題ではどの表現で問われるのかまで結び付けると、選択肢の言い換えにも対応しやすくなります。,具体的な進め方,次に「届出のタイミングを覚える」を過去問形式の演習で確認します。最初から満点を狙うより、読めなかった語句、迷った選択肢、時間がかかった分野を記録してください。間違えた問題の正答だけを見るのではなく、なぜ他の選択肢が違うのかを確認すると、同じ論点の言い換えに強くなります。1回目は全体の弱点発見、2回目は理由の確認、3回目はスピードと安定性の確認というように目的を分けると、ただ解いた回数だけが増える状態を避けられます。記録に残した語句は、用語集で関連語まで確認しましょう。,復習・確認方法,復習では「作業主任者の職務を確認する」を意識します。過去問一覧で年度別の傾向を見たあと、アプリの過去問演習、実践演習、一問一答を使って同じ論点を別の角度から確認してください。用語集の関連語まで読むと、選択肢の中で安全装置、燃焼状態、法令手続が入れ替わったときにも判断しやすくなります。復習のタイミングは、解いた直後、翌日、数日後のように間隔を空けると定着を確認しやすくなります。正解した問題でも、根拠を説明できなかったものは復習対象に残すのがおすすめです。,注意点,試験制度、受験資格、手数料、合格基準、免除制度、法令改正に関わる内容は、断定して覚えないことが大切です。本サイトの解説は学習補助であり、公式見解ではありません。演習問題も公式過去問そのものではなく、著作権上の配慮と最新法令への対応のため編集した過去問形式の問題です。古い年度の問題で正しかった表現が、制度変更や法令改正により注意を要する場合もあります。迷ったときは、暗記した文言よりも公式情報、法令原文、安全側の判断を優先してください。,つまずきやすいポイント,つまずきやすいのは、用語の意味を知っていても、選択肢で別表現に変わると判断できなくなるケースです。たとえば安全弁、低水位、空気比、検査証のような語は、目的や異常時対応とセットで問われます。用語を単語カードのように覚えるだけでなく、何を防ぐための知識かまで確認しましょう。また、似た装置や手続をまとめて覚えると、細かな違いを見落としやすくなります。比較表や関連用語を使い、共通点と違いを分けて整理することで、ひっかけ選択肢にも対応しやすくなります。,次にやること,この記事を読んだら、まず関連する過去問を数問解き、分からなかった語句を用語集で確認します。その後、間違えた問題を復習対象に残し、次回の学習で同じ論点を解き直してください。新しい教材を増やすより、公式情報、過去問、用語、復習の流れを固定する方が継続しやすくなります。余裕があれば、同じ分野の実践演習や一問一答も確認し、別の聞かれ方でも判断できるか試してください。最後に、次に読む関連記事を1本だけ選ぶと学習が途切れにくくなります。,この記事だけで公式情報の確認は完了しますか？,いいえ。本記事は学習の進め方を整理するためのものです。試験日程、受験資格、手数料、合格基準、法令の正式な内容は、必ず試験実施団体や法令原文などの一次情報で確認してください。,科目別対策の記事はどの順番で使うとよいですか？,まず「関係法令の対策｜検査・届出・作業主任者を整理する」で全体像を確認し、次に過去問形式の演習で選択肢を読めるか試します。迷った語句は用語集へ戻し、復習対象として残すと再訪問しやすくなります。,water-level-safety:低水位・空だき対策｜2級ボイラー技士で最重要の安全論点;safety-valve-pressure:安全弁・圧力計・最高使用圧力の覚え方
water-level-safety,重要論点,低水位・空だき対策｜2級ボイラー技士で最重要の安全論点,低水位、空だき、水面計、低水位燃料遮断装置の関係を試験向けに整理します。,重要論点を学習する受験生向けに、低水位、空だき、水面計、低水位燃料遮断装置の関係を試験向けに整理します。制度面は公式情報で確認しながら、過去問演習と用語解説で定着を図してください。,150,重要論点,2級ボイラー技士マスター編集部,資格学習サイト向けに、過去問形式演習・用語解説・学習導線を整理する編集チームです。,2級ボイラー技士マスター確認担当,公開前に公式情報への誘導、断定表現、内部リンク、更新日の有無を確認します。,2026-05-19,安全衛生技術試験協会（公式）|https://www.exam.or.jp/,重要論点の学習導線と、過去問・用語集への内部リンクを整理した記事です。,低水位、空だき、水面計、低水位燃料遮断装置の関係を試験向けに整理します。,公式情報を確認する;低水位の危険を理解する;過去問形式の演習を解く;間違えた問題を復習へ残す;関連用語を読む,試験要項や公式ページが更新されたタイミングで本文と参照元を見直します。,2026-05-19,2026-08-19,2026-05-19,published,SEO記事テンプレート運用ルールに合わせ、目次・信頼性・FAQ・関連記事を整備。,最初に確認すること,まず確認したいのは、この記事のテーマである「低水位の危険を理解する」です。制度情報や日程、合格基準のように年度で変わる可能性がある内容は、古い記事だけで判断しないでください。学習前に公式情報を見て、現在の出題範囲や注意事項を確認しておくと、あとから覚え直すリスクを減らせます。特に試験対策では、最初に前提を誤ると、過去問を解いても正しい復習につながりません。受験案内、試験実施団体の告知、法令の正式な内容を確認したうえで、このサイトの演習や用語解説を使う流れにすると安心です。,全体像・前提を分けて理解する,2級ボイラー技士試験は、構造、取扱い、燃料及び燃焼、関係法令の知識がつながって出題されます。重要論点の記事でも、単独の暗記で終わらせず、関連する装置名、事故防止の目的、法令上の扱いを分けて整理しましょう。特に似た用語は、意味の違いを一文で説明できる状態を目標にします。たとえば装置名を覚えるだけではなく、その装置がどの異常を防ぐのか、運転中にどのように確認するのか、法令問題ではどの表現で問われるのかまで結び付けると、選択肢の言い換えにも対応しやすくなります。,具体的な進め方,次に「水面計の確認を押さえる」を過去問形式の演習で確認します。最初から満点を狙うより、読めなかった語句、迷った選択肢、時間がかかった分野を記録してください。間違えた問題の正答だけを見るのではなく、なぜ他の選択肢が違うのかを確認すると、同じ論点の言い換えに強くなります。1回目は全体の弱点発見、2回目は理由の確認、3回目はスピードと安定性の確認というように目的を分けると、ただ解いた回数だけが増える状態を避けられます。記録に残した語句は、用語集で関連語まで確認しましょう。,復習・確認方法,復習では「燃料遮断の目的を覚える」を意識します。過去問一覧で年度別の傾向を見たあと、アプリの過去問演習、実践演習、一問一答を使って同じ論点を別の角度から確認してください。用語集の関連語まで読むと、選択肢の中で安全装置、燃焼状態、法令手続が入れ替わったときにも判断しやすくなります。復習のタイミングは、解いた直後、翌日、数日後のように間隔を空けると定着を確認しやすくなります。正解した問題でも、根拠を説明できなかったものは復習対象に残すのがおすすめです。,注意点,試験制度、受験資格、手数料、合格基準、免除制度、法令改正に関わる内容は、断定して覚えないことが大切です。本サイトの解説は学習補助であり、公式見解ではありません。演習問題も公式過去問そのものではなく、著作権上の配慮と最新法令への対応のため編集した過去問形式の問題です。古い年度の問題で正しかった表現が、制度変更や法令改正により注意を要する場合もあります。迷ったときは、暗記した文言よりも公式情報、法令原文、安全側の判断を優先してください。,つまずきやすいポイント,つまずきやすいのは、用語の意味を知っていても、選択肢で別表現に変わると判断できなくなるケースです。たとえば安全弁、低水位、空気比、検査証のような語は、目的や異常時対応とセットで問われます。用語を単語カードのように覚えるだけでなく、何を防ぐための知識かまで確認しましょう。また、似た装置や手続をまとめて覚えると、細かな違いを見落としやすくなります。比較表や関連用語を使い、共通点と違いを分けて整理することで、ひっかけ選択肢にも対応しやすくなります。,次にやること,この記事を読んだら、まず関連する過去問を数問解き、分からなかった語句を用語集で確認します。その後、間違えた問題を復習対象に残し、次回の学習で同じ論点を解き直してください。新しい教材を増やすより、公式情報、過去問、用語、復習の流れを固定する方が継続しやすくなります。余裕があれば、同じ分野の実践演習や一問一答も確認し、別の聞かれ方でも判断できるか試してください。最後に、次に読む関連記事を1本だけ選ぶと学習が途切れにくくなります。,この記事だけで公式情報の確認は完了しますか？,いいえ。本記事は学習の進め方を整理するためのものです。試験日程、受験資格、手数料、合格基準、法令の正式な内容は、必ず試験実施団体や法令原文などの一次情報で確認してください。,重要論点の記事はどの順番で使うとよいですか？,まず「低水位・空だき対策｜2級ボイラー技士で最重要の安全論点」で全体像を確認し、次に過去問形式の演習で選択肢を読めるか試します。迷った語句は用語集へ戻し、復習対象として残すと再訪問しやすくなります。,safety-valve-pressure:安全弁・圧力計・最高使用圧力の覚え方;water-treatment:ボイラー水処理の対策｜スケール・腐食・pH・硬度
safety-valve-pressure,重要論点,安全弁・圧力計・最高使用圧力の覚え方,過圧防止に関わる安全弁、圧力計、最高使用圧力の関係を解説します。,重要論点を学習する受験生向けに、過圧防止に関わる安全弁、圧力計、最高使用圧力の関係を解説します。制度面は公式情報で確認しながら、過去問演習と用語解説で定着を図してください。,160,重要論点,2級ボイラー技士マスター編集部,資格学習サイト向けに、過去問形式演習・用語解説・学習導線を整理する編集チームです。,2級ボイラー技士マスター確認担当,公開前に公式情報への誘導、断定表現、内部リンク、更新日の有無を確認します。,2026-05-19,安全衛生技術試験協会（公式）|https://www.exam.or.jp/,重要論点の学習導線と、過去問・用語集への内部リンクを整理した記事です。,過圧防止に関わる安全弁、圧力計、最高使用圧力の関係を解説します。,公式情報を確認する;安全弁は過圧防止;過去問形式の演習を解く;間違えた問題を復習へ残す;関連用語を読む,試験要項や公式ページが更新されたタイミングで本文と参照元を見直します。,2026-05-19,2026-08-19,2026-05-19,published,SEO記事テンプレート運用ルールに合わせ、目次・信頼性・FAQ・関連記事を整備。,最初に確認すること,まず確認したいのは、この記事のテーマである「安全弁は過圧防止」です。制度情報や日程、合格基準のように年度で変わる可能性がある内容は、古い記事だけで判断しないでください。学習前に公式情報を見て、現在の出題範囲や注意事項を確認しておくと、あとから覚え直すリスクを減らせます。特に試験対策では、最初に前提を誤ると、過去問を解いても正しい復習につながりません。受験案内、試験実施団体の告知、法令の正式な内容を確認したうえで、このサイトの演習や用語解説を使う流れにすると安心です。,全体像・前提を分けて理解する,2級ボイラー技士試験は、構造、取扱い、燃料及び燃焼、関係法令の知識がつながって出題されます。重要論点の記事でも、単独の暗記で終わらせず、関連する装置名、事故防止の目的、法令上の扱いを分けて整理しましょう。特に似た用語は、意味の違いを一文で説明できる状態を目標にします。たとえば装置名を覚えるだけではなく、その装置がどの異常を防ぐのか、運転中にどのように確認するのか、法令問題ではどの表現で問われるのかまで結び付けると、選択肢の言い換えにも対応しやすくなります。,具体的な進め方,次に「圧力計は運転監視」を過去問形式の演習で確認します。最初から満点を狙うより、読めなかった語句、迷った選択肢、時間がかかった分野を記録してください。間違えた問題の正答だけを見るのではなく、なぜ他の選択肢が違うのかを確認すると、同じ論点の言い換えに強くなります。1回目は全体の弱点発見、2回目は理由の確認、3回目はスピードと安定性の確認というように目的を分けると、ただ解いた回数だけが増える状態を避けられます。記録に残した語句は、用語集で関連語まで確認しましょう。,復習・確認方法,復習では「最高使用圧力と法令を結び付ける」を意識します。過去問一覧で年度別の傾向を見たあと、アプリの過去問演習、実践演習、一問一答を使って同じ論点を別の角度から確認してください。用語集の関連語まで読むと、選択肢の中で安全装置、燃焼状態、法令手続が入れ替わったときにも判断しやすくなります。復習のタイミングは、解いた直後、翌日、数日後のように間隔を空けると定着を確認しやすくなります。正解した問題でも、根拠を説明できなかったものは復習対象に残すのがおすすめです。,注意点,試験制度、受験資格、手数料、合格基準、免除制度、法令改正に関わる内容は、断定して覚えないことが大切です。本サイトの解説は学習補助であり、公式見解ではありません。演習問題も公式過去問そのものではなく、著作権上の配慮と最新法令への対応のため編集した過去問形式の問題です。古い年度の問題で正しかった表現が、制度変更や法令改正により注意を要する場合もあります。迷ったときは、暗記した文言よりも公式情報、法令原文、安全側の判断を優先してください。,つまずきやすいポイント,つまずきやすいのは、用語の意味を知っていても、選択肢で別表現に変わると判断できなくなるケースです。たとえば安全弁、低水位、空気比、検査証のような語は、目的や異常時対応とセットで問われます。用語を単語カードのように覚えるだけでなく、何を防ぐための知識かまで確認しましょう。また、似た装置や手続をまとめて覚えると、細かな違いを見落としやすくなります。比較表や関連用語を使い、共通点と違いを分けて整理することで、ひっかけ選択肢にも対応しやすくなります。,次にやること,この記事を読んだら、まず関連する過去問を数問解き、分からなかった語句を用語集で確認します。その後、間違えた問題を復習対象に残し、次回の学習で同じ論点を解き直してください。新しい教材を増やすより、公式情報、過去問、用語、復習の流れを固定する方が継続しやすくなります。余裕があれば、同じ分野の実践演習や一問一答も確認し、別の聞かれ方でも判断できるか試してください。最後に、次に読む関連記事を1本だけ選ぶと学習が途切れにくくなります。,この記事だけで公式情報の確認は完了しますか？,いいえ。本記事は学習の進め方を整理するためのものです。試験日程、受験資格、手数料、合格基準、法令の正式な内容は、必ず試験実施団体や法令原文などの一次情報で確認してください。,重要論点の記事はどの順番で使うとよいですか？,まず「安全弁・圧力計・最高使用圧力の覚え方」で全体像を確認し、次に過去問形式の演習で選択肢を読めるか試します。迷った語句は用語集へ戻し、復習対象として残すと再訪問しやすくなります。,water-treatment:ボイラー水処理の対策｜スケール・腐食・pH・硬度;combustion-safety:燃焼安全装置とインタロック｜失火・逆火・再点火の注意点
water-treatment,重要論点,ボイラー水処理の対策｜スケール・腐食・pH・硬度,水処理、スケール、腐食、脱酸素剤、りん酸塩処理を試験向けに整理します。,重要論点を学習する受験生向けに、水処理、スケール、腐食、脱酸素剤、りん酸塩処理を試験向けに整理します。制度面は公式情報で確認しながら、過去問演習と用語解説で定着を図してください。,170,重要論点,2級ボイラー技士マスター編集部,資格学習サイト向けに、過去問形式演習・用語解説・学習導線を整理する編集チームです。,2級ボイラー技士マスター確認担当,公開前に公式情報への誘導、断定表現、内部リンク、更新日の有無を確認します。,2026-05-19,安全衛生技術試験協会（公式）|https://www.exam.or.jp/,重要論点の学習導線と、過去問・用語集への内部リンクを整理した記事です。,水処理、スケール、腐食、脱酸素剤、りん酸塩処理を試験向けに整理します。,公式情報を確認する;硬度はスケールにつながる;過去問形式の演習を解く;間違えた問題を復習へ残す;関連用語を読む,試験要項や公式ページが更新されたタイミングで本文と参照元を見直します。,2026-05-19,2026-08-19,2026-05-19,published,SEO記事テンプレート運用ルールに合わせ、目次・信頼性・FAQ・関連記事を整備。,最初に確認すること,まず確認したいのは、この記事のテーマである「硬度はスケールにつながる」です。制度情報や日程、合格基準のように年度で変わる可能性がある内容は、古い記事だけで判断しないでください。学習前に公式情報を見て、現在の出題範囲や注意事項を確認しておくと、あとから覚え直すリスクを減らせます。特に試験対策では、最初に前提を誤ると、過去問を解いても正しい復習につながりません。受験案内、試験実施団体の告知、法令の正式な内容を確認したうえで、このサイトの演習や用語解説を使う流れにすると安心です。,全体像・前提を分けて理解する,2級ボイラー技士試験は、構造、取扱い、燃料及び燃焼、関係法令の知識がつながって出題されます。重要論点の記事でも、単独の暗記で終わらせず、関連する装置名、事故防止の目的、法令上の扱いを分けて整理しましょう。特に似た用語は、意味の違いを一文で説明できる状態を目標にします。たとえば装置名を覚えるだけではなく、その装置がどの異常を防ぐのか、運転中にどのように確認するのか、法令問題ではどの表現で問われるのかまで結び付けると、選択肢の言い換えにも対応しやすくなります。,具体的な進め方,次に「溶存酸素は腐食につながる」を過去問形式の演習で確認します。最初から満点を狙うより、読めなかった語句、迷った選択肢、時間がかかった分野を記録してください。間違えた問題の正答だけを見るのではなく、なぜ他の選択肢が違うのかを確認すると、同じ論点の言い換えに強くなります。1回目は全体の弱点発見、2回目は理由の確認、3回目はスピードと安定性の確認というように目的を分けると、ただ解いた回数だけが増える状態を避けられます。記録に残した語句は、用語集で関連語まで確認しましょう。,復習・確認方法,復習では「吹出しで濃縮を管理する」を意識します。過去問一覧で年度別の傾向を見たあと、アプリの過去問演習、実践演習、一問一答を使って同じ論点を別の角度から確認してください。用語集の関連語まで読むと、選択肢の中で安全装置、燃焼状態、法令手続が入れ替わったときにも判断しやすくなります。復習のタイミングは、解いた直後、翌日、数日後のように間隔を空けると定着を確認しやすくなります。正解した問題でも、根拠を説明できなかったものは復習対象に残すのがおすすめです。,注意点,試験制度、受験資格、手数料、合格基準、免除制度、法令改正に関わる内容は、断定して覚えないことが大切です。本サイトの解説は学習補助であり、公式見解ではありません。演習問題も公式過去問そのものではなく、著作権上の配慮と最新法令への対応のため編集した過去問形式の問題です。古い年度の問題で正しかった表現が、制度変更や法令改正により注意を要する場合もあります。迷ったときは、暗記した文言よりも公式情報、法令原文、安全側の判断を優先してください。,つまずきやすいポイント,つまずきやすいのは、用語の意味を知っていても、選択肢で別表現に変わると判断できなくなるケースです。たとえば安全弁、低水位、空気比、検査証のような語は、目的や異常時対応とセットで問われます。用語を単語カードのように覚えるだけでなく、何を防ぐための知識かまで確認しましょう。また、似た装置や手続をまとめて覚えると、細かな違いを見落としやすくなります。比較表や関連用語を使い、共通点と違いを分けて整理することで、ひっかけ選択肢にも対応しやすくなります。,次にやること,この記事を読んだら、まず関連する過去問を数問解き、分からなかった語句を用語集で確認します。その後、間違えた問題を復習対象に残し、次回の学習で同じ論点を解き直してください。新しい教材を増やすより、公式情報、過去問、用語、復習の流れを固定する方が継続しやすくなります。余裕があれば、同じ分野の実践演習や一問一答も確認し、別の聞かれ方でも判断できるか試してください。最後に、次に読む関連記事を1本だけ選ぶと学習が途切れにくくなります。,この記事だけで公式情報の確認は完了しますか？,いいえ。本記事は学習の進め方を整理するためのものです。試験日程、受験資格、手数料、合格基準、法令の正式な内容は、必ず試験実施団体や法令原文などの一次情報で確認してください。,重要論点の記事はどの順番で使うとよいですか？,まず「ボイラー水処理の対策｜スケール・腐食・pH・硬度」で全体像を確認し、次に過去問形式の演習で選択肢を読めるか試します。迷った語句は用語集へ戻し、復習対象として残すと再訪問しやすくなります。,combustion-safety:燃焼安全装置とインタロック｜失火・逆火・再点火の注意点;air-ratio:空気比と不完全燃焼の対策｜CO・黒煙・排ガス熱損失
combustion-safety,重要論点,燃焼安全装置とインタロック｜失火・逆火・再点火の注意点,燃焼安全装置、火炎検出器、燃料遮断弁、パージの役割を整理します。,重要論点を学習する受験生向けに、燃焼安全装置、火炎検出器、燃料遮断弁、パージの役割を整理します。制度面は公式情報で確認しながら、過去問演習と用語解説で定着を図してください。,180,重要論点,2級ボイラー技士マスター編集部,資格学習サイト向けに、過去問形式演習・用語解説・学習導線を整理する編集チームです。,2級ボイラー技士マスター確認担当,公開前に公式情報への誘導、断定表現、内部リンク、更新日の有無を確認します。,2026-05-19,安全衛生技術試験協会（公式）|https://www.exam.or.jp/,重要論点の学習導線と、過去問・用語集への内部リンクを整理した記事です。,燃焼安全装置、火炎検出器、燃料遮断弁、パージの役割を整理します。,公式情報を確認する;火炎検出器の役割;過去問形式の演習を解く;間違えた問題を復習へ残す;関連用語を読む,試験要項や公式ページが更新されたタイミングで本文と参照元を見直します。,2026-05-19,2026-08-19,2026-05-19,published,SEO記事テンプレート運用ルールに合わせ、目次・信頼性・FAQ・関連記事を整備。,最初に確認すること,まず確認したいのは、この記事のテーマである「火炎検出器の役割」です。制度情報や日程、合格基準のように年度で変わる可能性がある内容は、古い記事だけで判断しないでください。学習前に公式情報を見て、現在の出題範囲や注意事項を確認しておくと、あとから覚え直すリスクを減らせます。特に試験対策では、最初に前提を誤ると、過去問を解いても正しい復習につながりません。受験案内、試験実施団体の告知、法令の正式な内容を確認したうえで、このサイトの演習や用語解説を使う流れにすると安心です。,全体像・前提を分けて理解する,2級ボイラー技士試験は、構造、取扱い、燃料及び燃焼、関係法令の知識がつながって出題されます。重要論点の記事でも、単独の暗記で終わらせず、関連する装置名、事故防止の目的、法令上の扱いを分けて整理しましょう。特に似た用語は、意味の違いを一文で説明できる状態を目標にします。たとえば装置名を覚えるだけではなく、その装置がどの異常を防ぐのか、運転中にどのように確認するのか、法令問題ではどの表現で問われるのかまで結び付けると、選択肢の言い換えにも対応しやすくなります。,具体的な進め方,次に「異常時の燃料遮断」を過去問形式の演習で確認します。最初から満点を狙うより、読めなかった語句、迷った選択肢、時間がかかった分野を記録してください。間違えた問題の正答だけを見るのではなく、なぜ他の選択肢が違うのかを確認すると、同じ論点の言い換えに強くなります。1回目は全体の弱点発見、2回目は理由の確認、3回目はスピードと安定性の確認というように目的を分けると、ただ解いた回数だけが増える状態を避けられます。記録に残した語句は、用語集で関連語まで確認しましょう。,復習・確認方法,復習では「再点火前のパージ」を意識します。過去問一覧で年度別の傾向を見たあと、アプリの過去問演習、実践演習、一問一答を使って同じ論点を別の角度から確認してください。用語集の関連語まで読むと、選択肢の中で安全装置、燃焼状態、法令手続が入れ替わったときにも判断しやすくなります。復習のタイミングは、解いた直後、翌日、数日後のように間隔を空けると定着を確認しやすくなります。正解した問題でも、根拠を説明できなかったものは復習対象に残すのがおすすめです。,注意点,試験制度、受験資格、手数料、合格基準、免除制度、法令改正に関わる内容は、断定して覚えないことが大切です。本サイトの解説は学習補助であり、公式見解ではありません。演習問題も公式過去問そのものではなく、著作権上の配慮と最新法令への対応のため編集した過去問形式の問題です。古い年度の問題で正しかった表現が、制度変更や法令改正により注意を要する場合もあります。迷ったときは、暗記した文言よりも公式情報、法令原文、安全側の判断を優先してください。,つまずきやすいポイント,つまずきやすいのは、用語の意味を知っていても、選択肢で別表現に変わると判断できなくなるケースです。たとえば安全弁、低水位、空気比、検査証のような語は、目的や異常時対応とセットで問われます。用語を単語カードのように覚えるだけでなく、何を防ぐための知識かまで確認しましょう。また、似た装置や手続をまとめて覚えると、細かな違いを見落としやすくなります。比較表や関連用語を使い、共通点と違いを分けて整理することで、ひっかけ選択肢にも対応しやすくなります。,次にやること,この記事を読んだら、まず関連する過去問を数問解き、分からなかった語句を用語集で確認します。その後、間違えた問題を復習対象に残し、次回の学習で同じ論点を解き直してください。新しい教材を増やすより、公式情報、過去問、用語、復習の流れを固定する方が継続しやすくなります。余裕があれば、同じ分野の実践演習や一問一答も確認し、別の聞かれ方でも判断できるか試してください。最後に、次に読む関連記事を1本だけ選ぶと学習が途切れにくくなります。,この記事だけで公式情報の確認は完了しますか？,いいえ。本記事は学習の進め方を整理するためのものです。試験日程、受験資格、手数料、合格基準、法令の正式な内容は、必ず試験実施団体や法令原文などの一次情報で確認してください。,重要論点の記事はどの順番で使うとよいですか？,まず「燃焼安全装置とインタロック｜失火・逆火・再点火の注意点」で全体像を確認し、次に過去問形式の演習で選択肢を読めるか試します。迷った語句は用語集へ戻し、復習対象として残すと再訪問しやすくなります。,air-ratio:空気比と不完全燃焼の対策｜CO・黒煙・排ガス熱損失;fuel-properties:燃料の性質の覚え方｜引火点・発火点・粘度・発熱量
air-ratio,重要論点,空気比と不完全燃焼の対策｜CO・黒煙・排ガス熱損失,空気比が大きすぎる場合・小さすぎる場合の影響を、排ガスと結び付けて解説します。,重要論点を学習する受験生向けに、空気比が大きすぎる場合・小さすぎる場合の影響を、排ガスと結び付けて解説します。制度面は公式情報で確認しながら、過去問演習と用語解説で定着を図してください。,190,重要論点,2級ボイラー技士マスター編集部,資格学習サイト向けに、過去問形式演習・用語解説・学習導線を整理する編集チームです。,2級ボイラー技士マスター確認担当,公開前に公式情報への誘導、断定表現、内部リンク、更新日の有無を確認します。,2026-05-19,安全衛生技術試験協会（公式）|https://www.exam.or.jp/,重要論点の学習導線と、過去問・用語集への内部リンクを整理した記事です。,空気比が大きすぎる場合・小さすぎる場合の影響を、排ガスと結び付けて解説します。,公式情報を確認する;空気不足はCOや黒煙;過去問形式の演習を解く;間違えた問題を復習へ残す;関連用語を読む,試験要項や公式ページが更新されたタイミングで本文と参照元を見直します。,2026-05-19,2026-08-19,2026-05-19,published,SEO記事テンプレート運用ルールに合わせ、目次・信頼性・FAQ・関連記事を整備。,最初に確認すること,まず確認したいのは、この記事のテーマである「空気不足はCOや黒煙」です。制度情報や日程、合格基準のように年度で変わる可能性がある内容は、古い記事だけで判断しないでください。学習前に公式情報を見て、現在の出題範囲や注意事項を確認しておくと、あとから覚え直すリスクを減らせます。特に試験対策では、最初に前提を誤ると、過去問を解いても正しい復習につながりません。受験案内、試験実施団体の告知、法令の正式な内容を確認したうえで、このサイトの演習や用語解説を使う流れにすると安心です。,全体像・前提を分けて理解する,2級ボイラー技士試験は、構造、取扱い、燃料及び燃焼、関係法令の知識がつながって出題されます。重要論点の記事でも、単独の暗記で終わらせず、関連する装置名、事故防止の目的、法令上の扱いを分けて整理しましょう。特に似た用語は、意味の違いを一文で説明できる状態を目標にします。たとえば装置名を覚えるだけではなく、その装置がどの異常を防ぐのか、運転中にどのように確認するのか、法令問題ではどの表現で問われるのかまで結び付けると、選択肢の言い換えにも対応しやすくなります。,具体的な進め方,次に「過剰空気は熱損失」を過去問形式の演習で確認します。最初から満点を狙うより、読めなかった語句、迷った選択肢、時間がかかった分野を記録してください。間違えた問題の正答だけを見るのではなく、なぜ他の選択肢が違うのかを確認すると、同じ論点の言い換えに強くなります。1回目は全体の弱点発見、2回目は理由の確認、3回目はスピードと安定性の確認というように目的を分けると、ただ解いた回数だけが増える状態を避けられます。記録に残した語句は、用語集で関連語まで確認しましょう。,復習・確認方法,復習では「排ガス分析で状態を推定する」を意識します。過去問一覧で年度別の傾向を見たあと、アプリの過去問演習、実践演習、一問一答を使って同じ論点を別の角度から確認してください。用語集の関連語まで読むと、選択肢の中で安全装置、燃焼状態、法令手続が入れ替わったときにも判断しやすくなります。復習のタイミングは、解いた直後、翌日、数日後のように間隔を空けると定着を確認しやすくなります。正解した問題でも、根拠を説明できなかったものは復習対象に残すのがおすすめです。,注意点,試験制度、受験資格、手数料、合格基準、免除制度、法令改正に関わる内容は、断定して覚えないことが大切です。本サイトの解説は学習補助であり、公式見解ではありません。演習問題も公式過去問そのものではなく、著作権上の配慮と最新法令への対応のため編集した過去問形式の問題です。古い年度の問題で正しかった表現が、制度変更や法令改正により注意を要する場合もあります。迷ったときは、暗記した文言よりも公式情報、法令原文、安全側の判断を優先してください。,つまずきやすいポイント,つまずきやすいのは、用語の意味を知っていても、選択肢で別表現に変わると判断できなくなるケースです。たとえば安全弁、低水位、空気比、検査証のような語は、目的や異常時対応とセットで問われます。用語を単語カードのように覚えるだけでなく、何を防ぐための知識かまで確認しましょう。また、似た装置や手続をまとめて覚えると、細かな違いを見落としやすくなります。比較表や関連用語を使い、共通点と違いを分けて整理することで、ひっかけ選択肢にも対応しやすくなります。,次にやること,この記事を読んだら、まず関連する過去問を数問解き、分からなかった語句を用語集で確認します。その後、間違えた問題を復習対象に残し、次回の学習で同じ論点を解き直してください。新しい教材を増やすより、公式情報、過去問、用語、復習の流れを固定する方が継続しやすくなります。余裕があれば、同じ分野の実践演習や一問一答も確認し、別の聞かれ方でも判断できるか試してください。最後に、次に読む関連記事を1本だけ選ぶと学習が途切れにくくなります。,この記事だけで公式情報の確認は完了しますか？,いいえ。本記事は学習の進め方を整理するためのものです。試験日程、受験資格、手数料、合格基準、法令の正式な内容は、必ず試験実施団体や法令原文などの一次情報で確認してください。,重要論点の記事はどの順番で使うとよいですか？,まず「空気比と不完全燃焼の対策｜CO・黒煙・排ガス熱損失」で全体像を確認し、次に過去問形式の演習で選択肢を読めるか試します。迷った語句は用語集へ戻し、復習対象として残すと再訪問しやすくなります。,fuel-properties:燃料の性質の覚え方｜引火点・発火点・粘度・発熱量;inspection-certificate:ボイラー検査証と性能検査｜法令問題で迷いやすい手続
fuel-properties,重要論点,燃料の性質の覚え方｜引火点・発火点・粘度・発熱量,液体燃料や気体燃料で問われる性質を、選択肢で迷わないよう整理します。,重要論点を学習する受験生向けに、液体燃料や気体燃料で問われる性質を、選択肢で迷わないよう整理します。制度面は公式情報で確認しながら、過去問演習と用語解説で定着を図してください。,200,重要論点,2級ボイラー技士マスター編集部,資格学習サイト向けに、過去問形式演習・用語解説・学習導線を整理する編集チームです。,2級ボイラー技士マスター確認担当,公開前に公式情報への誘導、断定表現、内部リンク、更新日の有無を確認します。,2026-05-19,安全衛生技術試験協会（公式）|https://www.exam.or.jp/,重要論点の学習導線と、過去問・用語集への内部リンクを整理した記事です。,液体燃料や気体燃料で問われる性質を、選択肢で迷わないよう整理します。,公式情報を確認する;引火点と発火点を区別する;過去問形式の演習を解く;間違えた問題を復習へ残す;関連用語を読む,試験要項や公式ページが更新されたタイミングで本文と参照元を見直します。,2026-05-19,2026-08-19,2026-05-19,published,SEO記事テンプレート運用ルールに合わせ、目次・信頼性・FAQ・関連記事を整備。,最初に確認すること,まず確認したいのは、この記事のテーマである「引火点と発火点を区別する」です。制度情報や日程、合格基準のように年度で変わる可能性がある内容は、古い記事だけで判断しないでください。学習前に公式情報を見て、現在の出題範囲や注意事項を確認しておくと、あとから覚え直すリスクを減らせます。特に試験対策では、最初に前提を誤ると、過去問を解いても正しい復習につながりません。受験案内、試験実施団体の告知、法令の正式な内容を確認したうえで、このサイトの演習や用語解説を使う流れにすると安心です。,全体像・前提を分けて理解する,2級ボイラー技士試験は、構造、取扱い、燃料及び燃焼、関係法令の知識がつながって出題されます。重要論点の記事でも、単独の暗記で終わらせず、関連する装置名、事故防止の目的、法令上の扱いを分けて整理しましょう。特に似た用語は、意味の違いを一文で説明できる状態を目標にします。たとえば装置名を覚えるだけではなく、その装置がどの異常を防ぐのか、運転中にどのように確認するのか、法令問題ではどの表現で問われるのかまで結び付けると、選択肢の言い換えにも対応しやすくなります。,具体的な進め方,次に「粘度は温度と霧化に関係する」を過去問形式の演習で確認します。最初から満点を狙うより、読めなかった語句、迷った選択肢、時間がかかった分野を記録してください。間違えた問題の正答だけを見るのではなく、なぜ他の選択肢が違うのかを確認すると、同じ論点の言い換えに強くなります。1回目は全体の弱点発見、2回目は理由の確認、3回目はスピードと安定性の確認というように目的を分けると、ただ解いた回数だけが増える状態を避けられます。記録に残した語句は、用語集で関連語まで確認しましょう。,復習・確認方法,復習では「発熱量の違いを見る」を意識します。過去問一覧で年度別の傾向を見たあと、アプリの過去問演習、実践演習、一問一答を使って同じ論点を別の角度から確認してください。用語集の関連語まで読むと、選択肢の中で安全装置、燃焼状態、法令手続が入れ替わったときにも判断しやすくなります。復習のタイミングは、解いた直後、翌日、数日後のように間隔を空けると定着を確認しやすくなります。正解した問題でも、根拠を説明できなかったものは復習対象に残すのがおすすめです。,注意点,試験制度、受験資格、手数料、合格基準、免除制度、法令改正に関わる内容は、断定して覚えないことが大切です。本サイトの解説は学習補助であり、公式見解ではありません。演習問題も公式過去問そのものではなく、著作権上の配慮と最新法令への対応のため編集した過去問形式の問題です。古い年度の問題で正しかった表現が、制度変更や法令改正により注意を要する場合もあります。迷ったときは、暗記した文言よりも公式情報、法令原文、安全側の判断を優先してください。,つまずきやすいポイント,つまずきやすいのは、用語の意味を知っていても、選択肢で別表現に変わると判断できなくなるケースです。たとえば安全弁、低水位、空気比、検査証のような語は、目的や異常時対応とセットで問われます。用語を単語カードのように覚えるだけでなく、何を防ぐための知識かまで確認しましょう。また、似た装置や手続をまとめて覚えると、細かな違いを見落としやすくなります。比較表や関連用語を使い、共通点と違いを分けて整理することで、ひっかけ選択肢にも対応しやすくなります。,次にやること,この記事を読んだら、まず関連する過去問を数問解き、分からなかった語句を用語集で確認します。その後、間違えた問題を復習対象に残し、次回の学習で同じ論点を解き直してください。新しい教材を増やすより、公式情報、過去問、用語、復習の流れを固定する方が継続しやすくなります。余裕があれば、同じ分野の実践演習や一問一答も確認し、別の聞かれ方でも判断できるか試してください。最後に、次に読む関連記事を1本だけ選ぶと学習が途切れにくくなります。,この記事だけで公式情報の確認は完了しますか？,いいえ。本記事は学習の進め方を整理するためのものです。試験日程、受験資格、手数料、合格基準、法令の正式な内容は、必ず試験実施団体や法令原文などの一次情報で確認してください。,重要論点の記事はどの順番で使うとよいですか？,まず「燃料の性質の覚え方｜引火点・発火点・粘度・発熱量」で全体像を確認し、次に過去問形式の演習で選択肢を読めるか試します。迷った語句は用語集へ戻し、復習対象として残すと再訪問しやすくなります。,inspection-certificate:ボイラー検査証と性能検査｜法令問題で迷いやすい手続;notifications:設置届・変更届・休止届・廃止届の整理
inspection-certificate,法令対策,ボイラー検査証と性能検査｜法令問題で迷いやすい手続,ボイラー検査証、有効期間、性能検査、再交付をわかりやすく整理します。,法令対策を学習する受験生向けに、ボイラー検査証、有効期間、性能検査、再交付をわかりやすく整理します。制度面は公式情報で確認しながら、過去問演習と用語解説で定着を図してください。,210,法令,2級ボイラー技士マスター編集部,資格学習サイト向けに、過去問形式演習・用語解説・学習導線を整理する編集チームです。,2級ボイラー技士マスター確認担当,公開前に公式情報への誘導、断定表現、内部リンク、更新日の有無を確認します。,2026-05-19,安全衛生技術試験協会（公式）|https://www.exam.or.jp/,法令対策の学習導線と、過去問・用語集への内部リンクを整理した記事です。,ボイラー検査証、有効期間、性能検査、再交付をわかりやすく整理します。,公式情報を確認する;検査証の役割;過去問形式の演習を解く;間違えた問題を復習へ残す;関連用語を読む,試験要項や公式ページが更新されたタイミングで本文と参照元を見直します。,2026-05-19,2026-08-19,2026-05-19,published,SEO記事テンプレート運用ルールに合わせ、目次・信頼性・FAQ・関連記事を整備。,最初に確認すること,まず確認したいのは、この記事のテーマである「検査証の役割」です。制度情報や日程、合格基準のように年度で変わる可能性がある内容は、古い記事だけで判断しないでください。学習前に公式情報を見て、現在の出題範囲や注意事項を確認しておくと、あとから覚え直すリスクを減らせます。特に試験対策では、最初に前提を誤ると、過去問を解いても正しい復習につながりません。受験案内、試験実施団体の告知、法令の正式な内容を確認したうえで、このサイトの演習や用語解説を使う流れにすると安心です。,全体像・前提を分けて理解する,2級ボイラー技士試験は、構造、取扱い、燃料及び燃焼、関係法令の知識がつながって出題されます。法令対策の記事でも、単独の暗記で終わらせず、関連する装置名、事故防止の目的、法令上の扱いを分けて整理しましょう。特に似た用語は、意味の違いを一文で説明できる状態を目標にします。たとえば装置名を覚えるだけではなく、その装置がどの異常を防ぐのか、運転中にどのように確認するのか、法令問題ではどの表現で問われるのかまで結び付けると、選択肢の言い換えにも対応しやすくなります。,具体的な進め方,次に「有効期間満了前の対応」を過去問形式の演習で確認します。最初から満点を狙うより、読めなかった語句、迷った選択肢、時間がかかった分野を記録してください。間違えた問題の正答だけを見るのではなく、なぜ他の選択肢が違うのかを確認すると、同じ論点の言い換えに強くなります。1回目は全体の弱点発見、2回目は理由の確認、3回目はスピードと安定性の確認というように目的を分けると、ただ解いた回数だけが増える状態を避けられます。記録に残した語句は、用語集で関連語まで確認しましょう。,復習・確認方法,復習では「紛失時の再交付」を意識します。過去問一覧で年度別の傾向を見たあと、アプリの過去問演習、実践演習、一問一答を使って同じ論点を別の角度から確認してください。用語集の関連語まで読むと、選択肢の中で安全装置、燃焼状態、法令手続が入れ替わったときにも判断しやすくなります。復習のタイミングは、解いた直後、翌日、数日後のように間隔を空けると定着を確認しやすくなります。正解した問題でも、根拠を説明できなかったものは復習対象に残すのがおすすめです。,注意点,試験制度、受験資格、手数料、合格基準、免除制度、法令改正に関わる内容は、断定して覚えないことが大切です。本サイトの解説は学習補助であり、公式見解ではありません。演習問題も公式過去問そのものではなく、著作権上の配慮と最新法令への対応のため編集した過去問形式の問題です。古い年度の問題で正しかった表現が、制度変更や法令改正により注意を要する場合もあります。迷ったときは、暗記した文言よりも公式情報、法令原文、安全側の判断を優先してください。,つまずきやすいポイント,つまずきやすいのは、用語の意味を知っていても、選択肢で別表現に変わると判断できなくなるケースです。たとえば安全弁、低水位、空気比、検査証のような語は、目的や異常時対応とセットで問われます。用語を単語カードのように覚えるだけでなく、何を防ぐための知識かまで確認しましょう。また、似た装置や手続をまとめて覚えると、細かな違いを見落としやすくなります。比較表や関連用語を使い、共通点と違いを分けて整理することで、ひっかけ選択肢にも対応しやすくなります。,次にやること,この記事を読んだら、まず関連する過去問を数問解き、分からなかった語句を用語集で確認します。その後、間違えた問題を復習対象に残し、次回の学習で同じ論点を解き直してください。新しい教材を増やすより、公式情報、過去問、用語、復習の流れを固定する方が継続しやすくなります。余裕があれば、同じ分野の実践演習や一問一答も確認し、別の聞かれ方でも判断できるか試してください。最後に、次に読む関連記事を1本だけ選ぶと学習が途切れにくくなります。,この記事だけで公式情報の確認は完了しますか？,いいえ。本記事は学習の進め方を整理するためのものです。試験日程、受験資格、手数料、合格基準、法令の正式な内容は、必ず試験実施団体や法令原文などの一次情報で確認してください。,法令対策の記事はどの順番で使うとよいですか？,まず「ボイラー検査証と性能検査｜法令問題で迷いやすい手続」で全体像を確認し、次に過去問形式の演習で選択肢を読めるか試します。迷った語句は用語集へ戻し、復習対象として残すと再訪問しやすくなります。,notifications:設置届・変更届・休止届・廃止届の整理;boiler-room:ボイラー室の法令対策｜通路・換気・可燃物・燃料タンク
notifications,法令対策,設置届・変更届・休止届・廃止届の整理,ボイラー関係法令で出やすい届出の種類と、判断のポイントをまとめます。,法令対策を学習する受験生向けに、ボイラー関係法令で出やすい届出の種類と、判断のポイントをまとめます。制度面は公式情報で確認しながら、過去問演習と用語解説で定着を図してください。,220,法令,2級ボイラー技士マスター編集部,資格学習サイト向けに、過去問形式演習・用語解説・学習導線を整理する編集チームです。,2級ボイラー技士マスター確認担当,公開前に公式情報への誘導、断定表現、内部リンク、更新日の有無を確認します。,2026-05-19,安全衛生技術試験協会（公式）|https://www.exam.or.jp/,法令対策の学習導線と、過去問・用語集への内部リンクを整理した記事です。,ボイラー関係法令で出やすい届出の種類と、判断のポイントをまとめます。,公式情報を確認する;設置時の届出;過去問形式の演習を解く;間違えた問題を復習へ残す;関連用語を読む,試験要項や公式ページが更新されたタイミングで本文と参照元を見直します。,2026-05-19,2026-08-19,2026-05-19,published,SEO記事テンプレート運用ルールに合わせ、目次・信頼性・FAQ・関連記事を整備。,最初に確認すること,まず確認したいのは、この記事のテーマである「設置時の届出」です。制度情報や日程、合格基準のように年度で変わる可能性がある内容は、古い記事だけで判断しないでください。学習前に公式情報を見て、現在の出題範囲や注意事項を確認しておくと、あとから覚え直すリスクを減らせます。特に試験対策では、最初に前提を誤ると、過去問を解いても正しい復習につながりません。受験案内、試験実施団体の告知、法令の正式な内容を確認したうえで、このサイトの演習や用語解説を使う流れにすると安心です。,全体像・前提を分けて理解する,2級ボイラー技士試験は、構造、取扱い、燃料及び燃焼、関係法令の知識がつながって出題されます。法令対策の記事でも、単独の暗記で終わらせず、関連する装置名、事故防止の目的、法令上の扱いを分けて整理しましょう。特に似た用語は、意味の違いを一文で説明できる状態を目標にします。たとえば装置名を覚えるだけではなく、その装置がどの異常を防ぐのか、運転中にどのように確認するのか、法令問題ではどの表現で問われるのかまで結び付けると、選択肢の言い換えにも対応しやすくなります。,具体的な進め方,次に「変更時の届出」を過去問形式の演習で確認します。最初から満点を狙うより、読めなかった語句、迷った選択肢、時間がかかった分野を記録してください。間違えた問題の正答だけを見るのではなく、なぜ他の選択肢が違うのかを確認すると、同じ論点の言い換えに強くなります。1回目は全体の弱点発見、2回目は理由の確認、3回目はスピードと安定性の確認というように目的を分けると、ただ解いた回数だけが増える状態を避けられます。記録に残した語句は、用語集で関連語まで確認しましょう。,復習・確認方法,復習では「休止・廃止時の扱い」を意識します。過去問一覧で年度別の傾向を見たあと、アプリの過去問演習、実践演習、一問一答を使って同じ論点を別の角度から確認してください。用語集の関連語まで読むと、選択肢の中で安全装置、燃焼状態、法令手続が入れ替わったときにも判断しやすくなります。復習のタイミングは、解いた直後、翌日、数日後のように間隔を空けると定着を確認しやすくなります。正解した問題でも、根拠を説明できなかったものは復習対象に残すのがおすすめです。,注意点,試験制度、受験資格、手数料、合格基準、免除制度、法令改正に関わる内容は、断定して覚えないことが大切です。本サイトの解説は学習補助であり、公式見解ではありません。演習問題も公式過去問そのものではなく、著作権上の配慮と最新法令への対応のため編集した過去問形式の問題です。古い年度の問題で正しかった表現が、制度変更や法令改正により注意を要する場合もあります。迷ったときは、暗記した文言よりも公式情報、法令原文、安全側の判断を優先してください。,つまずきやすいポイント,つまずきやすいのは、用語の意味を知っていても、選択肢で別表現に変わると判断できなくなるケースです。たとえば安全弁、低水位、空気比、検査証のような語は、目的や異常時対応とセットで問われます。用語を単語カードのように覚えるだけでなく、何を防ぐための知識かまで確認しましょう。また、似た装置や手続をまとめて覚えると、細かな違いを見落としやすくなります。比較表や関連用語を使い、共通点と違いを分けて整理することで、ひっかけ選択肢にも対応しやすくなります。,次にやること,この記事を読んだら、まず関連する過去問を数問解き、分からなかった語句を用語集で確認します。その後、間違えた問題を復習対象に残し、次回の学習で同じ論点を解き直してください。新しい教材を増やすより、公式情報、過去問、用語、復習の流れを固定する方が継続しやすくなります。余裕があれば、同じ分野の実践演習や一問一答も確認し、別の聞かれ方でも判断できるか試してください。最後に、次に読む関連記事を1本だけ選ぶと学習が途切れにくくなります。,この記事だけで公式情報の確認は完了しますか？,いいえ。本記事は学習の進め方を整理するためのものです。試験日程、受験資格、手数料、合格基準、法令の正式な内容は、必ず試験実施団体や法令原文などの一次情報で確認してください。,法令対策の記事はどの順番で使うとよいですか？,まず「設置届・変更届・休止届・廃止届の整理」で全体像を確認し、次に過去問形式の演習で選択肢を読めるか試します。迷った語句は用語集へ戻し、復習対象として残すと再訪問しやすくなります。,boiler-room:ボイラー室の法令対策｜通路・換気・可燃物・燃料タンク;chief-operator:ボイラー取扱作業主任者の職務と覚え方
boiler-room,法令対策,ボイラー室の法令対策｜通路・換気・可燃物・燃料タンク,ボイラー室に関する法令問題で見落としやすい条件を整理します。,法令対策を学習する受験生向けに、ボイラー室に関する法令問題で見落としやすい条件を整理します。制度面は公式情報で確認しながら、過去問演習と用語解説で定着を図してください。,230,法令,2級ボイラー技士マスター編集部,資格学習サイト向けに、過去問形式演習・用語解説・学習導線を整理する編集チームです。,2級ボイラー技士マスター確認担当,公開前に公式情報への誘導、断定表現、内部リンク、更新日の有無を確認します。,2026-05-19,安全衛生技術試験協会（公式）|https://www.exam.or.jp/,法令対策の学習導線と、過去問・用語集への内部リンクを整理した記事です。,ボイラー室に関する法令問題で見落としやすい条件を整理します。,公式情報を確認する;点検スペースを確保する;過去問形式の演習を解く;間違えた問題を復習へ残す;関連用語を読む,試験要項や公式ページが更新されたタイミングで本文と参照元を見直します。,2026-05-19,2026-08-19,2026-05-19,published,SEO記事テンプレート運用ルールに合わせ、目次・信頼性・FAQ・関連記事を整備。,最初に確認すること,まず確認したいのは、この記事のテーマである「点検スペースを確保する」です。制度情報や日程、合格基準のように年度で変わる可能性がある内容は、古い記事だけで判断しないでください。学習前に公式情報を見て、現在の出題範囲や注意事項を確認しておくと、あとから覚え直すリスクを減らせます。特に試験対策では、最初に前提を誤ると、過去問を解いても正しい復習につながりません。受験案内、試験実施団体の告知、法令の正式な内容を確認したうえで、このサイトの演習や用語解説を使う流れにすると安心です。,全体像・前提を分けて理解する,2級ボイラー技士試験は、構造、取扱い、燃料及び燃焼、関係法令の知識がつながって出題されます。法令対策の記事でも、単独の暗記で終わらせず、関連する装置名、事故防止の目的、法令上の扱いを分けて整理しましょう。特に似た用語は、意味の違いを一文で説明できる状態を目標にします。たとえば装置名を覚えるだけではなく、その装置がどの異常を防ぐのか、運転中にどのように確認するのか、法令問題ではどの表現で問われるのかまで結び付けると、選択肢の言い換えにも対応しやすくなります。,具体的な進め方,次に「換気と燃料漏れに注意する」を過去問形式の演習で確認します。最初から満点を狙うより、読めなかった語句、迷った選択肢、時間がかかった分野を記録してください。間違えた問題の正答だけを見るのではなく、なぜ他の選択肢が違うのかを確認すると、同じ論点の言い換えに強くなります。1回目は全体の弱点発見、2回目は理由の確認、3回目はスピードと安定性の確認というように目的を分けると、ただ解いた回数だけが増える状態を避けられます。記録に残した語句は、用語集で関連語まで確認しましょう。,復習・確認方法,復習では「可燃物の管理を見る」を意識します。過去問一覧で年度別の傾向を見たあと、アプリの過去問演習、実践演習、一問一答を使って同じ論点を別の角度から確認してください。用語集の関連語まで読むと、選択肢の中で安全装置、燃焼状態、法令手続が入れ替わったときにも判断しやすくなります。復習のタイミングは、解いた直後、翌日、数日後のように間隔を空けると定着を確認しやすくなります。正解した問題でも、根拠を説明できなかったものは復習対象に残すのがおすすめです。,注意点,試験制度、受験資格、手数料、合格基準、免除制度、法令改正に関わる内容は、断定して覚えないことが大切です。本サイトの解説は学習補助であり、公式見解ではありません。演習問題も公式過去問そのものではなく、著作権上の配慮と最新法令への対応のため編集した過去問形式の問題です。古い年度の問題で正しかった表現が、制度変更や法令改正により注意を要する場合もあります。迷ったときは、暗記した文言よりも公式情報、法令原文、安全側の判断を優先してください。,つまずきやすいポイント,つまずきやすいのは、用語の意味を知っていても、選択肢で別表現に変わると判断できなくなるケースです。たとえば安全弁、低水位、空気比、検査証のような語は、目的や異常時対応とセットで問われます。用語を単語カードのように覚えるだけでなく、何を防ぐための知識かまで確認しましょう。また、似た装置や手続をまとめて覚えると、細かな違いを見落としやすくなります。比較表や関連用語を使い、共通点と違いを分けて整理することで、ひっかけ選択肢にも対応しやすくなります。,次にやること,この記事を読んだら、まず関連する過去問を数問解き、分からなかった語句を用語集で確認します。その後、間違えた問題を復習対象に残し、次回の学習で同じ論点を解き直してください。新しい教材を増やすより、公式情報、過去問、用語、復習の流れを固定する方が継続しやすくなります。余裕があれば、同じ分野の実践演習や一問一答も確認し、別の聞かれ方でも判断できるか試してください。最後に、次に読む関連記事を1本だけ選ぶと学習が途切れにくくなります。,この記事だけで公式情報の確認は完了しますか？,いいえ。本記事は学習の進め方を整理するためのものです。試験日程、受験資格、手数料、合格基準、法令の正式な内容は、必ず試験実施団体や法令原文などの一次情報で確認してください。,法令対策の記事はどの順番で使うとよいですか？,まず「ボイラー室の法令対策｜通路・換気・可燃物・燃料タンク」で全体像を確認し、次に過去問形式の演習で選択肢を読めるか試します。迷った語句は用語集へ戻し、復習対象として残すと再訪問しやすくなります。,chief-operator:ボイラー取扱作業主任者の職務と覚え方;common-mistakes:2級ボイラー技士試験でよくある間違いと対策
chief-operator,法令対策,ボイラー取扱作業主任者の職務と覚え方,作業主任者の職務、水位・圧力・燃焼状態の監視、急激な負荷変動防止を解説します。,法令対策を学習する受験生向けに、作業主任者の職務、水位・圧力・燃焼状態の監視、急激な負荷変動防止を解説します。制度面は公式情報で確認しながら、過去問演習と用語解説で定着を図してください。,240,法令,2級ボイラー技士マスター編集部,資格学習サイト向けに、過去問形式演習・用語解説・学習導線を整理する編集チームです。,2級ボイラー技士マスター確認担当,公開前に公式情報への誘導、断定表現、内部リンク、更新日の有無を確認します。,2026-05-19,安全衛生技術試験協会（公式）|https://www.exam.or.jp/,法令対策の学習導線と、過去問・用語集への内部リンクを整理した記事です。,作業主任者の職務、水位・圧力・燃焼状態の監視、急激な負荷変動防止を解説します。,公式情報を確認する;水位と圧力を監視する;過去問形式の演習を解く;間違えた問題を復習へ残す;関連用語を読む,試験要項や公式ページが更新されたタイミングで本文と参照元を見直します。,2026-05-19,2026-08-19,2026-05-19,published,SEO記事テンプレート運用ルールに合わせ、目次・信頼性・FAQ・関連記事を整備。,最初に確認すること,まず確認したいのは、この記事のテーマである「水位と圧力を監視する」です。制度情報や日程、合格基準のように年度で変わる可能性がある内容は、古い記事だけで判断しないでください。学習前に公式情報を見て、現在の出題範囲や注意事項を確認しておくと、あとから覚え直すリスクを減らせます。特に試験対策では、最初に前提を誤ると、過去問を解いても正しい復習につながりません。受験案内、試験実施団体の告知、法令の正式な内容を確認したうえで、このサイトの演習や用語解説を使う流れにすると安心です。,全体像・前提を分けて理解する,2級ボイラー技士試験は、構造、取扱い、燃料及び燃焼、関係法令の知識がつながって出題されます。法令対策の記事でも、単独の暗記で終わらせず、関連する装置名、事故防止の目的、法令上の扱いを分けて整理しましょう。特に似た用語は、意味の違いを一文で説明できる状態を目標にします。たとえば装置名を覚えるだけではなく、その装置がどの異常を防ぐのか、運転中にどのように確認するのか、法令問題ではどの表現で問われるのかまで結び付けると、選択肢の言い換えにも対応しやすくなります。,具体的な進め方,次に「燃焼状態を見る」を過去問形式の演習で確認します。最初から満点を狙うより、読めなかった語句、迷った選択肢、時間がかかった分野を記録してください。間違えた問題の正答だけを見るのではなく、なぜ他の選択肢が違うのかを確認すると、同じ論点の言い換えに強くなります。1回目は全体の弱点発見、2回目は理由の確認、3回目はスピードと安定性の確認というように目的を分けると、ただ解いた回数だけが増える状態を避けられます。記録に残した語句は、用語集で関連語まで確認しましょう。,復習・確認方法,復習では「安全装置を無効化しない」を意識します。過去問一覧で年度別の傾向を見たあと、アプリの過去問演習、実践演習、一問一答を使って同じ論点を別の角度から確認してください。用語集の関連語まで読むと、選択肢の中で安全装置、燃焼状態、法令手続が入れ替わったときにも判断しやすくなります。復習のタイミングは、解いた直後、翌日、数日後のように間隔を空けると定着を確認しやすくなります。正解した問題でも、根拠を説明できなかったものは復習対象に残すのがおすすめです。,注意点,試験制度、受験資格、手数料、合格基準、免除制度、法令改正に関わる内容は、断定して覚えないことが大切です。本サイトの解説は学習補助であり、公式見解ではありません。演習問題も公式過去問そのものではなく、著作権上の配慮と最新法令への対応のため編集した過去問形式の問題です。古い年度の問題で正しかった表現が、制度変更や法令改正により注意を要する場合もあります。迷ったときは、暗記した文言よりも公式情報、法令原文、安全側の判断を優先してください。,つまずきやすいポイント,つまずきやすいのは、用語の意味を知っていても、選択肢で別表現に変わると判断できなくなるケースです。たとえば安全弁、低水位、空気比、検査証のような語は、目的や異常時対応とセットで問われます。用語を単語カードのように覚えるだけでなく、何を防ぐための知識かまで確認しましょう。また、似た装置や手続をまとめて覚えると、細かな違いを見落としやすくなります。比較表や関連用語を使い、共通点と違いを分けて整理することで、ひっかけ選択肢にも対応しやすくなります。,次にやること,この記事を読んだら、まず関連する過去問を数問解き、分からなかった語句を用語集で確認します。その後、間違えた問題を復習対象に残し、次回の学習で同じ論点を解き直してください。新しい教材を増やすより、公式情報、過去問、用語、復習の流れを固定する方が継続しやすくなります。余裕があれば、同じ分野の実践演習や一問一答も確認し、別の聞かれ方でも判断できるか試してください。最後に、次に読む関連記事を1本だけ選ぶと学習が途切れにくくなります。,この記事だけで公式情報の確認は完了しますか？,いいえ。本記事は学習の進め方を整理するためのものです。試験日程、受験資格、手数料、合格基準、法令の正式な内容は、必ず試験実施団体や法令原文などの一次情報で確認してください。,法令対策の記事はどの順番で使うとよいですか？,まず「ボイラー取扱作業主任者の職務と覚え方」で全体像を確認し、次に過去問形式の演習で選択肢を読めるか試します。迷った語句は用語集へ戻し、復習対象として残すと再訪問しやすくなります。,common-mistakes:2級ボイラー技士試験でよくある間違いと対策;last-week:試験直前1週間の2級ボイラー技士対策チェックリスト
common-mistakes,学習法,2級ボイラー技士試験でよくある間違いと対策,受験生が迷いやすい用語、選択肢、法令手続のミスをまとめて対策します。,学習法を学習する受験生向けに、受験生が迷いやすい用語、選択肢、法令手続のミスをまとめて対策します。制度面は公式情報で確認しながら、過去問演習と用語解説で定着を図してください。,250,学習法,2級ボイラー技士マスター編集部,資格学習サイト向けに、過去問形式演習・用語解説・学習導線を整理する編集チームです。,2級ボイラー技士マスター確認担当,公開前に公式情報への誘導、断定表現、内部リンク、更新日の有無を確認します。,2026-05-19,安全衛生技術試験協会（公式）|https://www.exam.or.jp/,学習法の学習導線と、過去問・用語集への内部リンクを整理した記事です。,受験生が迷いやすい用語、選択肢、法令手続のミスをまとめて対策します。,公式情報を確認する;似た用語を混同しない;過去問形式の演習を解く;間違えた問題を復習へ残す;関連用語を読む,試験要項や公式ページが更新されたタイミングで本文と参照元を見直します。,2026-05-19,2026-08-19,2026-05-19,published,SEO記事テンプレート運用ルールに合わせ、目次・信頼性・FAQ・関連記事を整備。,最初に確認すること,まず確認したいのは、この記事のテーマである「似た用語を混同しない」です。制度情報や日程、合格基準のように年度で変わる可能性がある内容は、古い記事だけで判断しないでください。学習前に公式情報を見て、現在の出題範囲や注意事項を確認しておくと、あとから覚え直すリスクを減らせます。特に試験対策では、最初に前提を誤ると、過去問を解いても正しい復習につながりません。受験案内、試験実施団体の告知、法令の正式な内容を確認したうえで、このサイトの演習や用語解説を使う流れにすると安心です。,全体像・前提を分けて理解する,2級ボイラー技士試験は、構造、取扱い、燃料及び燃焼、関係法令の知識がつながって出題されます。学習法の記事でも、単独の暗記で終わらせず、関連する装置名、事故防止の目的、法令上の扱いを分けて整理しましょう。特に似た用語は、意味の違いを一文で説明できる状態を目標にします。たとえば装置名を覚えるだけではなく、その装置がどの異常を防ぐのか、運転中にどのように確認するのか、法令問題ではどの表現で問われるのかまで結び付けると、選択肢の言い換えにも対応しやすくなります。,具体的な進め方,次に「安全側の判断を意識する」を過去問形式の演習で確認します。最初から満点を狙うより、読めなかった語句、迷った選択肢、時間がかかった分野を記録してください。間違えた問題の正答だけを見るのではなく、なぜ他の選択肢が違うのかを確認すると、同じ論点の言い換えに強くなります。1回目は全体の弱点発見、2回目は理由の確認、3回目はスピードと安定性の確認というように目的を分けると、ただ解いた回数だけが増える状態を避けられます。記録に残した語句は、用語集で関連語まで確認しましょう。,復習・確認方法,復習では「法令手続を時系列で覚える」を意識します。過去問一覧で年度別の傾向を見たあと、アプリの過去問演習、実践演習、一問一答を使って同じ論点を別の角度から確認してください。用語集の関連語まで読むと、選択肢の中で安全装置、燃焼状態、法令手続が入れ替わったときにも判断しやすくなります。復習のタイミングは、解いた直後、翌日、数日後のように間隔を空けると定着を確認しやすくなります。正解した問題でも、根拠を説明できなかったものは復習対象に残すのがおすすめです。,注意点,試験制度、受験資格、手数料、合格基準、免除制度、法令改正に関わる内容は、断定して覚えないことが大切です。本サイトの解説は学習補助であり、公式見解ではありません。演習問題も公式過去問そのものではなく、著作権上の配慮と最新法令への対応のため編集した過去問形式の問題です。古い年度の問題で正しかった表現が、制度変更や法令改正により注意を要する場合もあります。迷ったときは、暗記した文言よりも公式情報、法令原文、安全側の判断を優先してください。,つまずきやすいポイント,つまずきやすいのは、用語の意味を知っていても、選択肢で別表現に変わると判断できなくなるケースです。たとえば安全弁、低水位、空気比、検査証のような語は、目的や異常時対応とセットで問われます。用語を単語カードのように覚えるだけでなく、何を防ぐための知識かまで確認しましょう。また、似た装置や手続をまとめて覚えると、細かな違いを見落としやすくなります。比較表や関連用語を使い、共通点と違いを分けて整理することで、ひっかけ選択肢にも対応しやすくなります。,次にやること,この記事を読んだら、まず関連する過去問を数問解き、分からなかった語句を用語集で確認します。その後、間違えた問題を復習対象に残し、次回の学習で同じ論点を解き直してください。新しい教材を増やすより、公式情報、過去問、用語、復習の流れを固定する方が継続しやすくなります。余裕があれば、同じ分野の実践演習や一問一答も確認し、別の聞かれ方でも判断できるか試してください。最後に、次に読む関連記事を1本だけ選ぶと学習が途切れにくくなります。,この記事だけで公式情報の確認は完了しますか？,いいえ。本記事は学習の進め方を整理するためのものです。試験日程、受験資格、手数料、合格基準、法令の正式な内容は、必ず試験実施団体や法令原文などの一次情報で確認してください。,学習法の記事はどの順番で使うとよいですか？,まず「2級ボイラー技士試験でよくある間違いと対策」で全体像を確認し、次に過去問形式の演習で選択肢を読めるか試します。迷った語句は用語集へ戻し、復習対象として残すと再訪問しやすくなります。,last-week:試験直前1週間の2級ボイラー技士対策チェックリスト;official-info:公式情報の確認方法｜試験日程・合格基準・法令原文
last-week,学習法,試験直前1週間の2級ボイラー技士対策チェックリスト,直前期にやるべき過去問、用語、法令、模擬試験の確認順序を紹介します。,学習法を学習する受験生向けに、直前期にやるべき過去問、用語、法令、模擬試験の確認順序を紹介します。制度面は公式情報で確認しながら、過去問演習と用語解説で定着を図してください。,260,学習法,2級ボイラー技士マスター編集部,資格学習サイト向けに、過去問形式演習・用語解説・学習導線を整理する編集チームです。,2級ボイラー技士マスター確認担当,公開前に公式情報への誘導、断定表現、内部リンク、更新日の有無を確認します。,2026-05-19,安全衛生技術試験協会（公式）|https://www.exam.or.jp/,学習法の学習導線と、過去問・用語集への内部リンクを整理した記事です。,直前期にやるべき過去問、用語、法令、模擬試験の確認順序を紹介します。,公式情報を確認する;新しい教材を増やしすぎない;過去問形式の演習を解く;間違えた問題を復習へ残す;関連用語を読む,試験要項や公式ページが更新されたタイミングで本文と参照元を見直します。,2026-05-19,2026-08-19,2026-05-19,published,SEO記事テンプレート運用ルールに合わせ、目次・信頼性・FAQ・関連記事を整備。,最初に確認すること,まず確認したいのは、この記事のテーマである「新しい教材を増やしすぎない」です。制度情報や日程、合格基準のように年度で変わる可能性がある内容は、古い記事だけで判断しないでください。学習前に公式情報を見て、現在の出題範囲や注意事項を確認しておくと、あとから覚え直すリスクを減らせます。特に試験対策では、最初に前提を誤ると、過去問を解いても正しい復習につながりません。受験案内、試験実施団体の告知、法令の正式な内容を確認したうえで、このサイトの演習や用語解説を使う流れにすると安心です。,全体像・前提を分けて理解する,2級ボイラー技士試験は、構造、取扱い、燃料及び燃焼、関係法令の知識がつながって出題されます。学習法の記事でも、単独の暗記で終わらせず、関連する装置名、事故防止の目的、法令上の扱いを分けて整理しましょう。特に似た用語は、意味の違いを一文で説明できる状態を目標にします。たとえば装置名を覚えるだけではなく、その装置がどの異常を防ぐのか、運転中にどのように確認するのか、法令問題ではどの表現で問われるのかまで結び付けると、選択肢の言い換えにも対応しやすくなります。,具体的な進め方,次に「間違えた問題を優先する」を過去問形式の演習で確認します。最初から満点を狙うより、読めなかった語句、迷った選択肢、時間がかかった分野を記録してください。間違えた問題の正答だけを見るのではなく、なぜ他の選択肢が違うのかを確認すると、同じ論点の言い換えに強くなります。1回目は全体の弱点発見、2回目は理由の確認、3回目はスピードと安定性の確認というように目的を分けると、ただ解いた回数だけが増える状態を避けられます。記録に残した語句は、用語集で関連語まで確認しましょう。,復習・確認方法,復習では「公式情報を再確認する」を意識します。過去問一覧で年度別の傾向を見たあと、アプリの過去問演習、実践演習、一問一答を使って同じ論点を別の角度から確認してください。用語集の関連語まで読むと、選択肢の中で安全装置、燃焼状態、法令手続が入れ替わったときにも判断しやすくなります。復習のタイミングは、解いた直後、翌日、数日後のように間隔を空けると定着を確認しやすくなります。正解した問題でも、根拠を説明できなかったものは復習対象に残すのがおすすめです。,注意点,試験制度、受験資格、手数料、合格基準、免除制度、法令改正に関わる内容は、断定して覚えないことが大切です。本サイトの解説は学習補助であり、公式見解ではありません。演習問題も公式過去問そのものではなく、著作権上の配慮と最新法令への対応のため編集した過去問形式の問題です。古い年度の問題で正しかった表現が、制度変更や法令改正により注意を要する場合もあります。迷ったときは、暗記した文言よりも公式情報、法令原文、安全側の判断を優先してください。,つまずきやすいポイント,つまずきやすいのは、用語の意味を知っていても、選択肢で別表現に変わると判断できなくなるケースです。たとえば安全弁、低水位、空気比、検査証のような語は、目的や異常時対応とセットで問われます。用語を単語カードのように覚えるだけでなく、何を防ぐための知識かまで確認しましょう。また、似た装置や手続をまとめて覚えると、細かな違いを見落としやすくなります。比較表や関連用語を使い、共通点と違いを分けて整理することで、ひっかけ選択肢にも対応しやすくなります。,次にやること,この記事を読んだら、まず関連する過去問を数問解き、分からなかった語句を用語集で確認します。その後、間違えた問題を復習対象に残し、次回の学習で同じ論点を解き直してください。新しい教材を増やすより、公式情報、過去問、用語、復習の流れを固定する方が継続しやすくなります。余裕があれば、同じ分野の実践演習や一問一答も確認し、別の聞かれ方でも判断できるか試してください。最後に、次に読む関連記事を1本だけ選ぶと学習が途切れにくくなります。,この記事だけで公式情報の確認は完了しますか？,いいえ。本記事は学習の進め方を整理するためのものです。試験日程、受験資格、手数料、合格基準、法令の正式な内容は、必ず試験実施団体や法令原文などの一次情報で確認してください。,学習法の記事はどの順番で使うとよいですか？,まず「試験直前1週間の2級ボイラー技士対策チェックリスト」で全体像を確認し、次に過去問形式の演習で選択肢を読めるか試します。迷った語句は用語集へ戻し、復習対象として残すと再訪問しやすくなります。,official-info:公式情報の確認方法｜試験日程・合格基準・法令原文;legal-updates:法令改正に注意した2級ボイラー技士試験対策
official-info,試験概要,公式情報の確認方法｜試験日程・合格基準・法令原文,試験実施団体、法令・通達、受験案内を確認する際の注意点を整理します。,試験概要を学習する受験生向けに、試験実施団体、法令・通達、受験案内を確認する際の注意点を整理します。制度面は公式情報で確認しながら、過去問演習と用語解説で定着を図してください。,270,試験概要,2級ボイラー技士マスター編集部,資格学習サイト向けに、過去問形式演習・用語解説・学習導線を整理する編集チームです。,2級ボイラー技士マスター確認担当,公開前に公式情報への誘導、断定表現、内部リンク、更新日の有無を確認します。,2026-05-19,安全衛生技術試験協会（公式）|https://www.exam.or.jp/,試験概要の学習導線と、過去問・用語集への内部リンクを整理した記事です。,試験実施団体、法令・通達、受験案内を確認する際の注意点を整理します。,公式情報を確認する;試験実施団体を見る;過去問形式の演習を解く;間違えた問題を復習へ残す;関連用語を読む,試験要項や公式ページが更新されたタイミングで本文と参照元を見直します。,2026-05-19,2026-08-19,2026-05-19,published,SEO記事テンプレート運用ルールに合わせ、目次・信頼性・FAQ・関連記事を整備。,最初に確認すること,まず確認したいのは、この記事のテーマである「試験実施団体を見る」です。制度情報や日程、合格基準のように年度で変わる可能性がある内容は、古い記事だけで判断しないでください。学習前に公式情報を見て、現在の出題範囲や注意事項を確認しておくと、あとから覚え直すリスクを減らせます。特に試験対策では、最初に前提を誤ると、過去問を解いても正しい復習につながりません。受験案内、試験実施団体の告知、法令の正式な内容を確認したうえで、このサイトの演習や用語解説を使う流れにすると安心です。,全体像・前提を分けて理解する,2級ボイラー技士試験は、構造、取扱い、燃料及び燃焼、関係法令の知識がつながって出題されます。試験概要の記事でも、単独の暗記で終わらせず、関連する装置名、事故防止の目的、法令上の扱いを分けて整理しましょう。特に似た用語は、意味の違いを一文で説明できる状態を目標にします。たとえば装置名を覚えるだけではなく、その装置がどの異常を防ぐのか、運転中にどのように確認するのか、法令問題ではどの表現で問われるのかまで結び付けると、選択肢の言い換えにも対応しやすくなります。,具体的な進め方,次に「法令原文を確認する」を過去問形式の演習で確認します。最初から満点を狙うより、読めなかった語句、迷った選択肢、時間がかかった分野を記録してください。間違えた問題の正答だけを見るのではなく、なぜ他の選択肢が違うのかを確認すると、同じ論点の言い換えに強くなります。1回目は全体の弱点発見、2回目は理由の確認、3回目はスピードと安定性の確認というように目的を分けると、ただ解いた回数だけが増える状態を避けられます。記録に残した語句は、用語集で関連語まで確認しましょう。,復習・確認方法,復習では「古い情報に注意する」を意識します。過去問一覧で年度別の傾向を見たあと、アプリの過去問演習、実践演習、一問一答を使って同じ論点を別の角度から確認してください。用語集の関連語まで読むと、選択肢の中で安全装置、燃焼状態、法令手続が入れ替わったときにも判断しやすくなります。復習のタイミングは、解いた直後、翌日、数日後のように間隔を空けると定着を確認しやすくなります。正解した問題でも、根拠を説明できなかったものは復習対象に残すのがおすすめです。,注意点,試験制度、受験資格、手数料、合格基準、免除制度、法令改正に関わる内容は、断定して覚えないことが大切です。本サイトの解説は学習補助であり、公式見解ではありません。演習問題も公式過去問そのものではなく、著作権上の配慮と最新法令への対応のため編集した過去問形式の問題です。古い年度の問題で正しかった表現が、制度変更や法令改正により注意を要する場合もあります。迷ったときは、暗記した文言よりも公式情報、法令原文、安全側の判断を優先してください。,つまずきやすいポイント,つまずきやすいのは、用語の意味を知っていても、選択肢で別表現に変わると判断できなくなるケースです。たとえば安全弁、低水位、空気比、検査証のような語は、目的や異常時対応とセットで問われます。用語を単語カードのように覚えるだけでなく、何を防ぐための知識かまで確認しましょう。また、似た装置や手続をまとめて覚えると、細かな違いを見落としやすくなります。比較表や関連用語を使い、共通点と違いを分けて整理することで、ひっかけ選択肢にも対応しやすくなります。,次にやること,この記事を読んだら、まず関連する過去問を数問解き、分からなかった語句を用語集で確認します。その後、間違えた問題を復習対象に残し、次回の学習で同じ論点を解き直してください。新しい教材を増やすより、公式情報、過去問、用語、復習の流れを固定する方が継続しやすくなります。余裕があれば、同じ分野の実践演習や一問一答も確認し、別の聞かれ方でも判断できるか試してください。最後に、次に読む関連記事を1本だけ選ぶと学習が途切れにくくなります。,この記事だけで公式情報の確認は完了しますか？,いいえ。本記事は学習の進め方を整理するためのものです。試験日程、受験資格、手数料、合格基準、法令の正式な内容は、必ず試験実施団体や法令原文などの一次情報で確認してください。,試験概要の記事はどの順番で使うとよいですか？,まず「公式情報の確認方法｜試験日程・合格基準・法令原文」で全体像を確認し、次に過去問形式の演習で選択肢を読めるか試します。迷った語句は用語集へ戻し、復習対象として残すと再訪問しやすくなります。,legal-updates:法令改正に注意した2級ボイラー技士試験対策;beginner-guide:初学者向け2級ボイラー技士試験の始め方
legal-updates,法令対策,法令改正に注意した2級ボイラー技士試験対策,法令改正や制度変更により、学習内容の確認が必要になる理由を解説します。,法令対策を学習する受験生向けに、法令改正や制度変更により、学習内容の確認が必要になる理由を解説します。制度面は公式情報で確認しながら、過去問演習と用語解説で定着を図してください。,280,法令,2級ボイラー技士マスター編集部,資格学習サイト向けに、過去問形式演習・用語解説・学習導線を整理する編集チームです。,2級ボイラー技士マスター確認担当,公開前に公式情報への誘導、断定表現、内部リンク、更新日の有無を確認します。,2026-05-19,安全衛生技術試験協会（公式）|https://www.exam.or.jp/,法令対策の学習導線と、過去問・用語集への内部リンクを整理した記事です。,法令改正や制度変更により、学習内容の確認が必要になる理由を解説します。,公式情報を確認する;古い解説を鵜呑みにしない;過去問形式の演習を解く;間違えた問題を復習へ残す;関連用語を読む,試験要項や公式ページが更新されたタイミングで本文と参照元を見直します。,2026-05-19,2026-08-19,2026-05-19,published,SEO記事テンプレート運用ルールに合わせ、目次・信頼性・FAQ・関連記事を整備。,最初に確認すること,まず確認したいのは、この記事のテーマである「古い解説を鵜呑みにしない」です。制度情報や日程、合格基準のように年度で変わる可能性がある内容は、古い記事だけで判断しないでください。学習前に公式情報を見て、現在の出題範囲や注意事項を確認しておくと、あとから覚え直すリスクを減らせます。特に試験対策では、最初に前提を誤ると、過去問を解いても正しい復習につながりません。受験案内、試験実施団体の告知、法令の正式な内容を確認したうえで、このサイトの演習や用語解説を使う流れにすると安心です。,全体像・前提を分けて理解する,2級ボイラー技士試験は、構造、取扱い、燃料及び燃焼、関係法令の知識がつながって出題されます。法令対策の記事でも、単独の暗記で終わらせず、関連する装置名、事故防止の目的、法令上の扱いを分けて整理しましょう。特に似た用語は、意味の違いを一文で説明できる状態を目標にします。たとえば装置名を覚えるだけではなく、その装置がどの異常を防ぐのか、運転中にどのように確認するのか、法令問題ではどの表現で問われるのかまで結び付けると、選択肢の言い換えにも対応しやすくなります。,具体的な進め方,次に「公式情報を優先する」を過去問形式の演習で確認します。最初から満点を狙うより、読めなかった語句、迷った選択肢、時間がかかった分野を記録してください。間違えた問題の正答だけを見るのではなく、なぜ他の選択肢が違うのかを確認すると、同じ論点の言い換えに強くなります。1回目は全体の弱点発見、2回目は理由の確認、3回目はスピードと安定性の確認というように目的を分けると、ただ解いた回数だけが増える状態を避けられます。記録に残した語句は、用語集で関連語まで確認しましょう。,復習・確認方法,復習では「過去問形式でも最新法令を意識する」を意識します。過去問一覧で年度別の傾向を見たあと、アプリの過去問演習、実践演習、一問一答を使って同じ論点を別の角度から確認してください。用語集の関連語まで読むと、選択肢の中で安全装置、燃焼状態、法令手続が入れ替わったときにも判断しやすくなります。復習のタイミングは、解いた直後、翌日、数日後のように間隔を空けると定着を確認しやすくなります。正解した問題でも、根拠を説明できなかったものは復習対象に残すのがおすすめです。,注意点,試験制度、受験資格、手数料、合格基準、免除制度、法令改正に関わる内容は、断定して覚えないことが大切です。本サイトの解説は学習補助であり、公式見解ではありません。演習問題も公式過去問そのものではなく、著作権上の配慮と最新法令への対応のため編集した過去問形式の問題です。古い年度の問題で正しかった表現が、制度変更や法令改正により注意を要する場合もあります。迷ったときは、暗記した文言よりも公式情報、法令原文、安全側の判断を優先してください。,つまずきやすいポイント,つまずきやすいのは、用語の意味を知っていても、選択肢で別表現に変わると判断できなくなるケースです。たとえば安全弁、低水位、空気比、検査証のような語は、目的や異常時対応とセットで問われます。用語を単語カードのように覚えるだけでなく、何を防ぐための知識かまで確認しましょう。また、似た装置や手続をまとめて覚えると、細かな違いを見落としやすくなります。比較表や関連用語を使い、共通点と違いを分けて整理することで、ひっかけ選択肢にも対応しやすくなります。,次にやること,この記事を読んだら、まず関連する過去問を数問解き、分からなかった語句を用語集で確認します。その後、間違えた問題を復習対象に残し、次回の学習で同じ論点を解き直してください。新しい教材を増やすより、公式情報、過去問、用語、復習の流れを固定する方が継続しやすくなります。余裕があれば、同じ分野の実践演習や一問一答も確認し、別の聞かれ方でも判断できるか試してください。最後に、次に読む関連記事を1本だけ選ぶと学習が途切れにくくなります。,この記事だけで公式情報の確認は完了しますか？,いいえ。本記事は学習の進め方を整理するためのものです。試験日程、受験資格、手数料、合格基準、法令の正式な内容は、必ず試験実施団体や法令原文などの一次情報で確認してください。,法令対策の記事はどの順番で使うとよいですか？,まず「法令改正に注意した2級ボイラー技士試験対策」で全体像を確認し、次に過去問形式の演習で選択肢を読めるか試します。迷った語句は用語集へ戻し、復習対象として残すと再訪問しやすくなります。,beginner-guide:初学者向け2級ボイラー技士試験の始め方;mobile-study:スマホで進める2級ボイラー技士試験対策
beginner-guide,学習法,初学者向け2級ボイラー技士試験の始め方,初めて学習する人向けに、用語、科目、過去問への進み方を解説します。,学習法を学習する受験生向けに、初めて学習する人向けに、用語、科目、過去問への進み方を解説します。制度面は公式情報で確認しながら、過去問演習と用語解説で定着を図してください。,290,学習法,2級ボイラー技士マスター編集部,資格学習サイト向けに、過去問形式演習・用語解説・学習導線を整理する編集チームです。,2級ボイラー技士マスター確認担当,公開前に公式情報への誘導、断定表現、内部リンク、更新日の有無を確認します。,2026-05-19,安全衛生技術試験協会（公式）|https://www.exam.or.jp/,学習法の学習導線と、過去問・用語集への内部リンクを整理した記事です。,初めて学習する人向けに、用語、科目、過去問への進み方を解説します。,公式情報を確認する;用語集から始める;過去問形式の演習を解く;間違えた問題を復習へ残す;関連用語を読む,試験要項や公式ページが更新されたタイミングで本文と参照元を見直します。,2026-05-19,2026-08-19,2026-05-19,published,SEO記事テンプレート運用ルールに合わせ、目次・信頼性・FAQ・関連記事を整備。,最初に確認すること,まず確認したいのは、この記事のテーマである「用語集から始める」です。制度情報や日程、合格基準のように年度で変わる可能性がある内容は、古い記事だけで判断しないでください。学習前に公式情報を見て、現在の出題範囲や注意事項を確認しておくと、あとから覚え直すリスクを減らせます。特に試験対策では、最初に前提を誤ると、過去問を解いても正しい復習につながりません。受験案内、試験実施団体の告知、法令の正式な内容を確認したうえで、このサイトの演習や用語解説を使う流れにすると安心です。,全体像・前提を分けて理解する,2級ボイラー技士試験は、構造、取扱い、燃料及び燃焼、関係法令の知識がつながって出題されます。学習法の記事でも、単独の暗記で終わらせず、関連する装置名、事故防止の目的、法令上の扱いを分けて整理しましょう。特に似た用語は、意味の違いを一文で説明できる状態を目標にします。たとえば装置名を覚えるだけではなく、その装置がどの異常を防ぐのか、運転中にどのように確認するのか、法令問題ではどの表現で問われるのかまで結び付けると、選択肢の言い換えにも対応しやすくなります。,具体的な進め方,次に「科目ごとの役割を知る」を過去問形式の演習で確認します。最初から満点を狙うより、読めなかった語句、迷った選択肢、時間がかかった分野を記録してください。間違えた問題の正答だけを見るのではなく、なぜ他の選択肢が違うのかを確認すると、同じ論点の言い換えに強くなります。1回目は全体の弱点発見、2回目は理由の確認、3回目はスピードと安定性の確認というように目的を分けると、ただ解いた回数だけが増える状態を避けられます。記録に残した語句は、用語集で関連語まで確認しましょう。,復習・確認方法,復習では「早めに過去問形式へ進む」を意識します。過去問一覧で年度別の傾向を見たあと、アプリの過去問演習、実践演習、一問一答を使って同じ論点を別の角度から確認してください。用語集の関連語まで読むと、選択肢の中で安全装置、燃焼状態、法令手続が入れ替わったときにも判断しやすくなります。復習のタイミングは、解いた直後、翌日、数日後のように間隔を空けると定着を確認しやすくなります。正解した問題でも、根拠を説明できなかったものは復習対象に残すのがおすすめです。,注意点,試験制度、受験資格、手数料、合格基準、免除制度、法令改正に関わる内容は、断定して覚えないことが大切です。本サイトの解説は学習補助であり、公式見解ではありません。演習問題も公式過去問そのものではなく、著作権上の配慮と最新法令への対応のため編集した過去問形式の問題です。古い年度の問題で正しかった表現が、制度変更や法令改正により注意を要する場合もあります。迷ったときは、暗記した文言よりも公式情報、法令原文、安全側の判断を優先してください。,つまずきやすいポイント,つまずきやすいのは、用語の意味を知っていても、選択肢で別表現に変わると判断できなくなるケースです。たとえば安全弁、低水位、空気比、検査証のような語は、目的や異常時対応とセットで問われます。用語を単語カードのように覚えるだけでなく、何を防ぐための知識かまで確認しましょう。また、似た装置や手続をまとめて覚えると、細かな違いを見落としやすくなります。比較表や関連用語を使い、共通点と違いを分けて整理することで、ひっかけ選択肢にも対応しやすくなります。,次にやること,この記事を読んだら、まず関連する過去問を数問解き、分からなかった語句を用語集で確認します。その後、間違えた問題を復習対象に残し、次回の学習で同じ論点を解き直してください。新しい教材を増やすより、公式情報、過去問、用語、復習の流れを固定する方が継続しやすくなります。余裕があれば、同じ分野の実践演習や一問一答も確認し、別の聞かれ方でも判断できるか試してください。最後に、次に読む関連記事を1本だけ選ぶと学習が途切れにくくなります。,この記事だけで公式情報の確認は完了しますか？,いいえ。本記事は学習の進め方を整理するためのものです。試験日程、受験資格、手数料、合格基準、法令の正式な内容は、必ず試験実施団体や法令原文などの一次情報で確認してください。,学習法の記事はどの順番で使うとよいですか？,まず「初学者向け2級ボイラー技士試験の始め方」で全体像を確認し、次に過去問形式の演習で選択肢を読めるか試します。迷った語句は用語集へ戻し、復習対象として残すと再訪問しやすくなります。,mobile-study:スマホで進める2級ボイラー技士試験対策;seo-past-question-guide:過去問形式演習で合格力を上げる2級ボイラー技士対策
mobile-study,学習法,スマホで進める2級ボイラー技士試験対策,通勤・休憩時間に一問一答、用語確認、過去問復習を進める方法を紹介します。,学習法を学習する受験生向けに、通勤・休憩時間に一問一答、用語確認、過去問復習を進める方法を紹介します。制度面は公式情報で確認しながら、過去問演習と用語解説で定着を図してください。,300,学習法,2級ボイラー技士マスター編集部,資格学習サイト向けに、過去問形式演習・用語解説・学習導線を整理する編集チームです。,2級ボイラー技士マスター確認担当,公開前に公式情報への誘導、断定表現、内部リンク、更新日の有無を確認します。,2026-05-19,安全衛生技術試験協会（公式）|https://www.exam.or.jp/,学習法の学習導線と、過去問・用語集への内部リンクを整理した記事です。,通勤・休憩時間に一問一答、用語確認、過去問復習を進める方法を紹介します。,公式情報を確認する;一問一答で短時間学習;過去問形式の演習を解く;間違えた問題を復習へ残す;関連用語を読む,試験要項や公式ページが更新されたタイミングで本文と参照元を見直します。,2026-05-19,2026-08-19,2026-05-19,published,SEO記事テンプレート運用ルールに合わせ、目次・信頼性・FAQ・関連記事を整備。,最初に確認すること,まず確認したいのは、この記事のテーマである「一問一答で短時間学習」です。制度情報や日程、合格基準のように年度で変わる可能性がある内容は、古い記事だけで判断しないでください。学習前に公式情報を見て、現在の出題範囲や注意事項を確認しておくと、あとから覚え直すリスクを減らせます。特に試験対策では、最初に前提を誤ると、過去問を解いても正しい復習につながりません。受験案内、試験実施団体の告知、法令の正式な内容を確認したうえで、このサイトの演習や用語解説を使う流れにすると安心です。,全体像・前提を分けて理解する,2級ボイラー技士試験は、構造、取扱い、燃料及び燃焼、関係法令の知識がつながって出題されます。学習法の記事でも、単独の暗記で終わらせず、関連する装置名、事故防止の目的、法令上の扱いを分けて整理しましょう。特に似た用語は、意味の違いを一文で説明できる状態を目標にします。たとえば装置名を覚えるだけではなく、その装置がどの異常を防ぐのか、運転中にどのように確認するのか、法令問題ではどの表現で問われるのかまで結び付けると、選択肢の言い換えにも対応しやすくなります。,具体的な進め方,次に「用語を検索して確認」を過去問形式の演習で確認します。最初から満点を狙うより、読めなかった語句、迷った選択肢、時間がかかった分野を記録してください。間違えた問題の正答だけを見るのではなく、なぜ他の選択肢が違うのかを確認すると、同じ論点の言い換えに強くなります。1回目は全体の弱点発見、2回目は理由の確認、3回目はスピードと安定性の確認というように目的を分けると、ただ解いた回数だけが増える状態を避けられます。記録に残した語句は、用語集で関連語まで確認しましょう。,復習・確認方法,復習では「間違えた問題を復習に回す」を意識します。過去問一覧で年度別の傾向を見たあと、アプリの過去問演習、実践演習、一問一答を使って同じ論点を別の角度から確認してください。用語集の関連語まで読むと、選択肢の中で安全装置、燃焼状態、法令手続が入れ替わったときにも判断しやすくなります。復習のタイミングは、解いた直後、翌日、数日後のように間隔を空けると定着を確認しやすくなります。正解した問題でも、根拠を説明できなかったものは復習対象に残すのがおすすめです。,注意点,試験制度、受験資格、手数料、合格基準、免除制度、法令改正に関わる内容は、断定して覚えないことが大切です。本サイトの解説は学習補助であり、公式見解ではありません。演習問題も公式過去問そのものではなく、著作権上の配慮と最新法令への対応のため編集した過去問形式の問題です。古い年度の問題で正しかった表現が、制度変更や法令改正により注意を要する場合もあります。迷ったときは、暗記した文言よりも公式情報、法令原文、安全側の判断を優先してください。,つまずきやすいポイント,つまずきやすいのは、用語の意味を知っていても、選択肢で別表現に変わると判断できなくなるケースです。たとえば安全弁、低水位、空気比、検査証のような語は、目的や異常時対応とセットで問われます。用語を単語カードのように覚えるだけでなく、何を防ぐための知識かまで確認しましょう。また、似た装置や手続をまとめて覚えると、細かな違いを見落としやすくなります。比較表や関連用語を使い、共通点と違いを分けて整理することで、ひっかけ選択肢にも対応しやすくなります。,次にやること,この記事を読んだら、まず関連する過去問を数問解き、分からなかった語句を用語集で確認します。その後、間違えた問題を復習対象に残し、次回の学習で同じ論点を解き直してください。新しい教材を増やすより、公式情報、過去問、用語、復習の流れを固定する方が継続しやすくなります。余裕があれば、同じ分野の実践演習や一問一答も確認し、別の聞かれ方でも判断できるか試してください。最後に、次に読む関連記事を1本だけ選ぶと学習が途切れにくくなります。,この記事だけで公式情報の確認は完了しますか？,いいえ。本記事は学習の進め方を整理するためのものです。試験日程、受験資格、手数料、合格基準、法令の正式な内容は、必ず試験実施団体や法令原文などの一次情報で確認してください。,学習法の記事はどの順番で使うとよいですか？,まず「スマホで進める2級ボイラー技士試験対策」で全体像を確認し、次に過去問形式の演習で選択肢を読めるか試します。迷った語句は用語集へ戻し、復習対象として残すと再訪問しやすくなります。,seo-past-question-guide:過去問形式演習で合格力を上げる2級ボイラー技士対策;exam-overview:2級ボイラー技士試験とは？概要・出題科目・合格に向けた全体像
seo-past-question-guide,過去問活用,過去問形式演習で合格力を上げる2級ボイラー技士対策,過去問形式の演習問題を使い、出題パターンと選択肢の言い換えに慣れる方法を解説します。,過去問活用を学習する受験生向けに、過去問形式の演習問題を使い、出題パターンと選択肢の言い換えに慣れる方法を解説します。制度面は公式情報で確認しながら、過去問演習と用語解説で定着を図してください。,310,過去問過去問,2級ボイラー技士マスター編集部,資格学習サイト向けに、過去問形式演習・用語解説・学習導線を整理する編集チームです。,2級ボイラー技士マスター確認担当,公開前に公式情報への誘導、断定表現、内部リンク、更新日の有無を確認します。,2026-05-19,安全衛生技術試験協会（公式）|https://www.exam.or.jp/,過去問活用の学習導線と、過去問・用語集への内部リンクを整理した記事です。,過去問形式の演習問題を使い、出題パターンと選択肢の言い換えに慣れる方法を解説します。,公式情報を確認する;原文暗記ではなく論点理解;過去問形式の演習を解く;間違えた問題を復習へ残す;関連用語を読む,試験要項や公式ページが更新されたタイミングで本文と参照元を見直します。,2026-05-19,2026-08-19,2026-05-19,published,SEO記事テンプレート運用ルールに合わせ、目次・信頼性・FAQ・関連記事を整備。,最初に確認すること,まず確認したいのは、この記事のテーマである「原文暗記ではなく論点理解」です。制度情報や日程、合格基準のように年度で変わる可能性がある内容は、古い記事だけで判断しないでください。学習前に公式情報を見て、現在の出題範囲や注意事項を確認しておくと、あとから覚え直すリスクを減らせます。特に試験対策では、最初に前提を誤ると、過去問を解いても正しい復習につながりません。受験案内、試験実施団体の告知、法令の正式な内容を確認したうえで、このサイトの演習や用語解説を使う流れにすると安心です。,全体像・前提を分けて理解する,2級ボイラー技士試験は、構造、取扱い、燃料及び燃焼、関係法令の知識がつながって出題されます。過去問活用の記事でも、単独の暗記で終わらせず、関連する装置名、事故防止の目的、法令上の扱いを分けて整理しましょう。特に似た用語は、意味の違いを一文で説明できる状態を目標にします。たとえば装置名を覚えるだけではなく、その装置がどの異常を防ぐのか、運転中にどのように確認するのか、法令問題ではどの表現で問われるのかまで結び付けると、選択肢の言い換えにも対応しやすくなります。,具体的な進め方,次に「選択肢の言い換えに慣れる」を過去問形式の演習で確認します。最初から満点を狙うより、読めなかった語句、迷った選択肢、時間がかかった分野を記録してください。間違えた問題の正答だけを見るのではなく、なぜ他の選択肢が違うのかを確認すると、同じ論点の言い換えに強くなります。1回目は全体の弱点発見、2回目は理由の確認、3回目はスピードと安定性の確認というように目的を分けると、ただ解いた回数だけが増える状態を避けられます。記録に残した語句は、用語集で関連語まで確認しましょう。,復習・確認方法,復習では「頻出テーマを用語集で補強する」を意識します。過去問一覧で年度別の傾向を見たあと、アプリの過去問演習、実践演習、一問一答を使って同じ論点を別の角度から確認してください。用語集の関連語まで読むと、選択肢の中で安全装置、燃焼状態、法令手続が入れ替わったときにも判断しやすくなります。復習のタイミングは、解いた直後、翌日、数日後のように間隔を空けると定着を確認しやすくなります。正解した問題でも、根拠を説明できなかったものは復習対象に残すのがおすすめです。,注意点,試験制度、受験資格、手数料、合格基準、免除制度、法令改正に関わる内容は、断定して覚えないことが大切です。本サイトの解説は学習補助であり、公式見解ではありません。演習問題も公式過去問そのものではなく、著作権上の配慮と最新法令への対応のため編集した過去問形式の問題です。古い年度の問題で正しかった表現が、制度変更や法令改正により注意を要する場合もあります。迷ったときは、暗記した文言よりも公式情報、法令原文、安全側の判断を優先してください。,つまずきやすいポイント,つまずきやすいのは、用語の意味を知っていても、選択肢で別表現に変わると判断できなくなるケースです。たとえば安全弁、低水位、空気比、検査証のような語は、目的や異常時対応とセットで問われます。用語を単語カードのように覚えるだけでなく、何を防ぐための知識かまで確認しましょう。また、似た装置や手続をまとめて覚えると、細かな違いを見落としやすくなります。比較表や関連用語を使い、共通点と違いを分けて整理することで、ひっかけ選択肢にも対応しやすくなります。,次にやること,この記事を読んだら、まず関連する過去問を数問解き、分からなかった語句を用語集で確認します。その後、間違えた問題を復習対象に残し、次回の学習で同じ論点を解き直してください。新しい教材を増やすより、公式情報、過去問、用語、復習の流れを固定する方が継続しやすくなります。余裕があれば、同じ分野の実践演習や一問一答も確認し、別の聞かれ方でも判断できるか試してください。最後に、次に読む関連記事を1本だけ選ぶと学習が途切れにくくなります。,この記事だけで公式情報の確認は完了しますか？,いいえ。本記事は学習の進め方を整理するためのものです。試験日程、受験資格、手数料、合格基準、法令の正式な内容は、必ず試験実施団体や法令原文などの一次情報で確認してください。,過去問活用の記事はどの順番で使うとよいですか？,まず「過去問形式演習で合格力を上げる2級ボイラー技士対策」で全体像を確認し、次に過去問形式の演習で選択肢を読めるか試します。迷った語句は用語集へ戻し、復習対象として残すと再訪問しやすくなります。,exam-overview:2級ボイラー技士試験とは？概要・出題科目・合格に向けた全体像;schedule-application:2級ボイラー技士試験の日程・申込・受験前チェック
eligibility-requirements,試験概要,2級ボイラー技士試験の受験資格｜確認のしかたと学習開始前のチェック,2級ボイラー技士試験の受験資格の確認手順と、申込前に押さえる公式情報の見方を整理します。,試験概要を確認する受験生向けに、2級ボイラー技士試験の受験資格の確認手順と、申込前に押さえる公式情報の見方を整理します。制度面は公式情報で確認しながら、過去問演習と用語解説で定着を図してください。,35,試験概要;受験資格,2級ボイラー技士マスター編集部,資格学習サイト向けに、過去問形式演習・用語解説・学習導線を整理する編集チームです。,2級ボイラー技士マスター確認担当,公開前に公式情報への誘導、断定表現、内部リンク、更新日の有無を確認します。,2026-05-19,安全衛生技術試験協会（公式）|https://www.exam.or.jp/,試験概要の検索意図に合わせ、公式確認と学習導線を整理した記事です。,受験資格を満たしているか、公式情報で確認したい。,受験案内で資格要件を確認する;実務経験・学歴の該当を整理する;申込期限と必要書類を確認する;過去問形式の演習で出題範囲を把握する;関連用語を読む,試験要項や公式ページが更新されたタイミングで本文と参照元を見直します。,2026-05-19,2026-08-19,2026-05-19,published,自然流入施策として新規追加。内部リンク・用語・過去問への導線を整備。,最初に確認すること,受験資格は年度や受験区分によって表現が変わることがあります。古いブログや掲示板のまとめだけで判断せず、必ず試験実施団体の受験案内・試験要項で確認してください。資格要件に該当しないまま申込しても無効になる場合があるため、学習を始める前に一次情報で前提を固めることが大切です。,受験資格で押さえる観点,2級ボイラー技士試験では、学歴・実務経験・その他の要件が組み合わさって定められています。数字や年数は暗記するだけでなく、「どの期間のどの業務が対象か」「証明に何が必要か」までセットで整理すると、申込時の不安を減らせます。,申込前のチェックリスト,受験票の記載、写真・手数料、申込期間、受験会場の希望など、事務的な項目も同時に確認しましょう。資格要件と申込手続を分けてメモし、公式ページの更新日が新しいかも見ておくと安心です。,資格確認後の学習の進め方,受験資格が問題なければ、次は出題科目の全体像と過去問形式の演習に進みます。最初から全分野を均等にやるより、構造・取扱い・燃焼・法令の4科目を一周させ、弱点分野を記録しながら復習する流れが続けやすいです。,よくある誤解,「ボイラー取扱作業主任者の資格があれば自動的に受験できる」など、別資格との関係を混同しやすいです。作業主任者とボイラー技士は制度上の位置づけが異なるため、受験案内の記載どおりに読み分けてください。,このサイトでの確認方法,用語集で装置名や法令用語を先に押さえ、過去問形式の演習で選択肢の読み方に慣れましょう。受験資格の確認が終わったら、試験日程・合格基準の記事もあわせて読むと学習計画が立てやすくなります。,次にやること,公式の受験案内で資格要件を確認したら、試験概要の記事と学習計画の記事を1本ずつ読み、当日までの週次スケジュールを紙またはメモに書き出してください。,受験資格はこの記事だけで確定できますか？,いいえ。本記事は確認の進め方を整理するものです。最新の受験資格・申込要件は必ず試験実施団体の公式情報で確認してください。,資格要件が分かったあと、何から勉強すればよいですか？,まず4科目の全体像を把握し、過去問形式の演習で得意・苦手を洗い出します。迷った用語は用語集で関連語まで読み、復習リストに残してください。,exam-overview:2級ボイラー技士試験とは？概要・出題科目・合格に向けた全体像;schedule-application:2級ボイラー技士試験の日程・申込・受験前チェック
pass-rate-difficulty,試験概要,2級ボイラー技士試験の合格率・難易度｜数字の見方と対策の考え方,合格率や難易度の情報の見方、独学で不安になりやすい点、公式情報の確認方法を整理します。,試験概要を確認する受験生向けに、合格率や難易度の情報の見方、独学で不安になりやすい点、公式情報の確認方法を整理します。制度面は公式情報で確認しながら、過去問演習と用語解説で定着を図してください。,36,試験概要;合格率,2級ボイラー技士マスター編集部,資格学習サイト向けに、過去問形式演習・用語解説・学習導線を整理する編集チームです。,2級ボイラー技士マスター確認担当,公開前に公式情報への誘導、断定表現、内部リンク、更新日の有無を確認します。,2026-05-19,安全衛生技術試験協会（公式）|https://www.exam.or.jp/,試験概要の検索意図に合わせ、公式確認と学習導線を整理した記事です。,2級ボイラー技士試験の難易度や合格率を知り、学習のモチベーションと計画を立てたい。,公表されている合格率の出所を確認する;科目別の弱点を過去問で把握する;数値だけでなく出題傾向を見る;学習計画を現実的な時間に設定する;関連用語を読む,試験要項や公式ページが更新されたタイミングで本文と参照元を見直します。,2026-05-19,2026-08-19,2026-05-19,published,自然流入施策として新規追加。内部リンク・用語・過去問への導線を整備。,合格率データの見方,合格率は年度・受験区分・公表タイミングによって変動します。SNSや個人サイトの数字だけを根拠に「必ず受かる／絶対無理」と決めつけないでください。試験実施団体や信頼できる一次情報に、いつ・どの母集団の数字かを確認しましょう。,難易度を感じる主な要因,4科目がつながって出ること、法令と実務の両方が問われること、選択肢の言い換えが多いことが、難易度を感じさせる要因です。暗記量だけでなく、「なぜその装置が必要か」「異常時に何を優先するか」まで理解すると安定しやすくなります。,独学でも取り組みやすい学習法,過去問形式の演習を軸に、間違えた問題の語句を用語集で確認し、同じ分野を一問一答で反復する流れが効率的です。新しい教材を増やすより、公式情報・過去問・用語・復習の4点セットを固定する方が成果が出やすいです。,科目別に見るべきポイント,構造は装置名と役割、取扱いは水位・異常時対応、燃焼は空気比と燃料性質、法令は届出・検査・作業主任者の整理が中心です。1科目だけ極端に疎けると総合点で不利になるため、合格基準の記事もあわせて確認してください。,不安になったときの対処,正答率が伸びない時期は、解く量を減らして「間違えた理由」を言語化する週に切り替えましょう。選択肢のどの語句で迷ったかを記録すると、次に読む用語が明確になります。,注意点,本サイトの演習は公式過去問そのものではなく、学習用に編集した過去問形式の問題です。合格率の数値も、受験前には必ず最新の公式情報で確認してください。,次にやること,過去問一覧で最近の年度を1回分解き、苦手科目を1つ決めて科目別対策の記事と用語集を組み合わせて1週間集中してみてください。,合格率は毎年同じですか？,いいえ。年度や受験者数によって変わります。最新の公表値は公式情報で確認してください。,難易度が高く感じる科目はどこですか？,人によりますが、法令と取扱いでつまずく受験生が多い傾向があります。過去問の正答記録を見て、自分の弱点科目を特定するのが確実です。,passing-score:2級ボイラー技士試験の合格基準と科目別バランス対策;study-plan:2級ボイラー技士試験の勉強時間と学習計画の作り方
self-study-guide,学習法,2級ボイラー技士試験の独学対策｜教材選びと継続のコツ,独学で2級ボイラー技士試験に取り組むときの学習順序、過去問の使い方、続けるための工夫を解説します。,学習法を確認する受験生向けに、独学で2級ボイラー技士試験に取り組むときの学習順序、過去問の使い方、続けるための工夫を解説します。制度面は公式情報で確認しながら、過去問演習と用語解説で定着を図してください。,37,学習法;独学,2級ボイラー技士マスター編集部,資格学習サイト向けに、過去問形式演習・用語解説・学習導線を整理する編集チームです。,2級ボイラー技士マスター確認担当,公開前に公式情報への誘導、断定表現、内部リンク、更新日の有無を確認します。,2026-05-19,安全衛生技術試験協会（公式）|https://www.exam.or.jp/,学習法の検索意図に合わせ、公式確認と学習導線を整理した記事です。,仕事と両立しながら独学で合格したい。何から始めればよいか知りたい。,公式情報と出題範囲を確認する;用語→過去問→復習のサイクルを決める;週ごとの目標時間を設定する;間違えた問題を復習リストに残す;関連用語を読む,試験要項や公式ページが更新されたタイミングで本文と参照元を見直します。,2026-05-19,2026-08-19,2026-05-19,published,自然流入施策として新規追加。内部リンク・用語・過去問への導線を整備。,独学の基本ループ,独学では「読む→解く→戻る」の3ステップを短いサイクルで回すことが重要です。テキストを読み終わってから初めて問題を解くのではなく、用語を1つ確認したらすぐに関連する過去問を数問解き、分からない語句を用語集で補完する流れが定着しやすくなります。,教材を増やしすぎない,参考書・問題集・アプリを同時に増やすと、進捗が見えにくくなります。本サイトでは過去問形式の演習・実践演習・一問一答を使い分け、1週間単位で「今週は構造」「来週は法令」のように分野を決めて取り組む方法がおすすめです。,時間の確保のしかた,通勤・休憩の5分は一問一答、まとまった30分は過去問の復習に充てるなど、時間帯ごとにやることを固定すると継続しやすくなります。完璧を目指すより、毎日少しでも触れることを優先してください。,過去問の使い方,最初の1周は正答率より「どの語句が読めなかったか」を記録する目的で解きます。2周目以降は、同じ論点を別の聞かれ方で確認するため、実践演習や一問一答も併用しましょう。,つまずきやすい場面,独学では「正解したが理由を説明できない」状態が続きやすいです。正解でも復習対象に入れ、選択肢ごとの違いをメモする習慣をつけると、本番での言い換えに強くなります。,モチベーション維持,週1回、解いた問数と復習した用語数だけを記録するシートを用意すると、見える化できます。合格率の数字に一喜一憂するより、自分の弱点が減っているかを指標にしてください。,次にやること,初学者向けの始め方の記事を読んだら、今週は1分野だけ過去問を10問解き、間違えた語句を用語集で3件確認してください。,独学だけで合格できますか？,学習時間と復習の質次第です。過去問と用語を繰り返し、弱点を記録しながら進める受験生は独学でも成果を出しています。,独学で最初にやるべきことは？,受験資格と試験日程を公式で確認し、4科目の全体像を把握したうえで、過去問形式の演習を少数から始めてください。,beginner-guide:初学者向け2級ボイラー技士試験の始め方;study-plan:2級ボイラー技士試験の勉強時間と学習計画の作り方
exam-day-checklist,学習法,2級ボイラー技士試験の当日の持ち物・注意点チェックリスト,試験当日に持っていくもの、会場での確認、直前の学習の止めどころを整理します。,学習法を確認する受験生向けに、試験当日に持っていくもの、会場での確認、直前の学習の止めどころを整理します。制度面は公式情報で確認しながら、過去問演習と用語解説で定着を図してください。,38,学習法;当日,2級ボイラー技士マスター編集部,資格学習サイト向けに、過去問形式演習・用語解説・学習導線を整理する編集チームです。,2級ボイラー技士マスター確認担当,公開前に公式情報への誘導、断定表現、内部リンク、更新日の有無を確認します。,2026-05-19,安全衛生技術試験協会（公式）|https://www.exam.or.jp/,学習法の検索意図に合わせ、公式確認と学習導線を整理した記事です。,試験当日に何を持ち、どこまで勉強すればよいか確認したい。,受験票と身分証明を準備する;筆記用具・時計の可否を確認する;会場への交通と到着時間を決める;前日は軽い復習で眠る;関連用語を読む,試験要項や公式ページが更新されたタイミングで本文と参照元を見直します。,2026-05-19,2026-08-19,2026-05-19,published,自然流入施策として新規追加。内部リンク・用語・過去問への導線を整備。,前日までに確認すること,受験票の記載、会場名・開催時間、持ち物の指定は必ず公式の案内どおりに確認してください。当日朝に慌てないよう、必要書類と筆記具を前日の夜にまとめておきましょう。,持ち物の基本,受験票、身分証明、筆記用具（鉛筆・消しゴムなど指定がある場合はそれに従う）、時計の可否は年度案内で確認します。スマートフォンの持ち込みや保管方法も会場ルールに従ってください。,当日の時間配分,交通遅延を想定し、開場時間より十分早く到着する計画にします。到着後はトイレ・席・空調など環境を確認し、落ち着いてから問題に取りかかれるよう余裕を持ちましょう。,直前の学習,試験前日は新しい分野に手を出さず、間違えやすかった用語と過去問の復習ノートだけを見る程度にとどめるのがおすすめです。睡眠を削って詰め込むより、本番で判断できる状態を優先してください。,本番での心構え,分からない問題に時間を取られすぎないよう、一度全体を見て「後回しにする問」を決める戦略も有効です。見直し時間を確保できるよう、マークの付け方を決めておくとよいでしょう。,試験後にやること,終了後は解答を記憶してSNS等に書き込まないよう、受験者間のルール・著作権に配慮してください。結果発表までは、次の学習計画のメモ程度に留めるのが無難です。,次にやること,直前1週間のチェックリスト記事とあわせて読み、持ち物リストを紙に書き写してカバンに入れておきましょう。,当日の持ち物は年度で変わりますか？,変わる場合があります。最新の受験案内・会場案内で必ず確認してください。,前日に過去問を解くべきですか？,軽い復習は有効ですが、新規の長時間演習は負担になりやすいです。間違えた問題の要点だけ確認する程度がおすすめです。,last-week:試験直前1週間の2級ボイラー技士対策チェックリスト;schedule-application:2級ボイラー技士試験の日程・申込・受験前チェック
after-passing-procedures,試験概要,2級ボイラー技士試験合格後の手続き｜免許交付と確認すべき公式情報,合格後に必要となる手続きの流れ、公式情報の確認ポイント、現場で押さえる注意を整理します。,試験概要を確認する受験生向けに、合格後に必要となる手続きの流れ、公式情報の確認ポイント、現場で押さえる注意を整理します。制度面は公式情報で確認しながら、過去問演習と用語解説で定着を図してください。,39,試験概要;合格後,2級ボイラー技士マスター編集部,資格学習サイト向けに、過去問形式演習・用語解説・学習導線を整理する編集チームです。,2級ボイラー技士マスター確認担当,公開前に公式情報への誘導、断定表現、内部リンク、更新日の有無を確認します。,2026-05-19,安全衛生技術試験協会（公式）|https://www.exam.or.jp/,試験概要の検索意図に合わせ、公式確認と学習導線を整理した記事です。,合格後に何をすればよいか、免許や手続きについて知りたい。,合格発表の案内を公式で確認する;免許申請の期限と必要書類を確認する;実務との関係を整理する;継続学習が必要な分野を把握する;関連用語を読む,試験要項や公式ページが更新されたタイミングで本文と参照元を見直します。,2026-05-19,2026-08-19,2026-05-19,published,自然流入施策として新規追加。内部リンク・用語・過去問への導線を整備。,合格発表後の最初の一歩,合格が分かったら、まず試験実施団体や所管機関の案内で、免許申請の期限・方法・必要書類を確認してください。手続きの名称や提出先は制度改正で変わることがあるため、古い記事のコピペは使わないでください。,免許と試験合格の関係,試験合格と免許（技能検定合格証など）の交付は別ステップです。どの書類をいつまでに提出するか、手数料や写真の要件まで、公式のチェックリスト形式で確認するのが安全です。,現場で活かす学習の続け方,合格後も、法令改正や装置の更新に合わせて知識の更新が必要です。特に関係法令と取扱いの異常時対応は、現場の規程と照らし合わせて復習しておくと実務で役立ちます。,よくある誤解,「合格したらすべてのボイラーで無条件に操作できる」といった理解は危険です。免許の区分、設置されているボイラーの種類、作業主任者との役割分担は、それぞれ法令と社内規程で確認してください。,1級・関連資格との関係,キャリアによっては1級ボイラー技士や関連資格の検討もあります。次の目標を立てる場合も、受験資格と実務要件を公式で確認したうえで計画しましょう。,このサイトの使い方（合格後）,現場で迷った用語は用語集で確認し、実務に近い論点は過去問形式の演習で復習できます。教育担当者向けに、新人への説明資料として科目別記事を活用することもできます。,次にやること,公式案内で手続き期限をメモし、免許と作業主任者の関係を整理した記事を読み直して、現場の規程と突き合わせてください。,合格後の手続きはこの記事だけで完結しますか？,いいえ。手続きの詳細は所管機関・試験実施団体の最新案内に従ってください。,合格後もこのサイトは使えますか？,はい。用語解説と過去問形式の演習は、現場での復習や教育にも利用できます。,license-and-work:2級ボイラー技士免許でできることと試験対策の考え方;chief-operator:ボイラー取扱作業主任者の職務と覚え方
exam-scope-outline,試験対策,2級ボイラー技士試験の出題範囲｜4科目のつながりと学習順序,構造・取扱い・燃料及び燃焼・関係法令の出題範囲の見方と、効率よく一周する学習順序を解説します。,試験対策を確認する受験生向けに、構造・取扱い・燃料及び燃焼・関係法令の出題範囲の見方と、効率よく一周する学習順序を解説します。制度面は公式情報で確認しながら、過去問演習と用語解説で定着を図してください。,41,試験対策;出題範囲,2級ボイラー技士マスター編集部,資格学習サイト向けに、過去問形式演習・用語解説・学習導線を整理する編集チームです。,2級ボイラー技士マスター確認担当,公開前に公式情報への誘導、断定表現、内部リンク、更新日の有無を確認します。,2026-05-19,安全衛生技術試験協会（公式）|https://www.exam.or.jp/,試験対策の検索意図に合わせ、公式確認と学習導線を整理した記事です。,出題範囲全体を把握し、どの順番で学習すればよいか知りたい。,4科目の役割を整理する;科目別対策記事を1つずつ読む;過去問形式の演習で出題形式に慣れる;関連用語を横断的に読む;復習リストを作る,試験要項や公式ページが更新されたタイミングで本文と参照元を見直します。,2026-05-19,2026-08-19,2026-05-19,published,自然流入施策として新規追加。内部リンク・用語・過去問への導線を整備。,4科目の全体像,2級ボイラー技士試験は、ボイラーの構造、取扱い、燃料及び燃焼、関係法令の4領域がつながって出題されます。装置の名前だけでなく、なぜその安全装置が必要か、異常時にどう扱うか、法令上どう届け出るかまで一連の流れで理解すると、選択肢の言い換えにも対応しやすくなります。,おすすめの学習順序（初学者）,まず構造でボイラー全体のイメージをつかみ、取扱いで水位・点火・異常時対応を学び、燃焼で空気比と燃料性質を押さえ、最後に法令で届出・検査・作業主任者を整理する順がわかりやすいです。人により順序は調整して構いません。,科目を横断して見る理由,たとえば安全弁は構造・法令の両方から、空気比は燃焼・取扱いの両方から問われます。用語集で関連語をたどりながら読むと、科目の壁を越えた理解ができます。,出題範囲の確認方法,試験要項・シラバスに記載される範囲は、公式情報で必ず確認してください。本サイトの演習は学習補助であり、公式の出題範囲そのものではありません。,過去問との組み合わせ,各科目の対策記事を読んだら、同じ分野の過去問を5〜10問解き、迷った語句を用語集で確認します。分野ごとに「読む→解く→戻る」を1セットにすると範囲の消化が進みます。,範囲が広く感じるとき,頻出テーマの用語ページで分野ごとのまとめを確認し、重要度の高い用語から優先してください。すべてを一度に完璧にするより、弱点分野をローテーションする方が得点につながりやすいです。,次にやること,4つの科目別対策記事のリンクから、いちばん不安な分野を1つ選び、今週はその分野の過去問だけを集中的に解いてみてください。,出題範囲は年度で変わりますか？,変わる場合があります。受験前には試験要項等の公式情報で確認してください。,4科目のうちどれから始めるべきですか？,初学者は構造→取扱い→燃焼→法令の順がおすすめです。すでに現場経験がある場合は、得意分野から始めて弱点を後半に回しても構いません。,structure-subject:ボイラーの構造に関する知識の対策｜頻出装置と覚え方;handling-subject:ボイラーの取扱いに関する知識の対策｜水位・点火・異常時対応
